Brand,Model Name,Processor,Operating System,Storage,RAM,Screen Size,Touch_Screen,Price
HP,15s-fq5007TU,Core i3,Windows 11 Home,512 GB,8 GB,39.62 cm (15.6 Inch),No,"₹38,990"
HP,15s-fy5003TU,Core i3,Windows 11 Home,512 GB,8 GB,39.62 cm (15.6 Inch),No,"₹37,990"
Apple,2020 Macbook Air,M1,Mac OS Big Sur,256 GB,8 GB,33.78 cm (13.3 inch),No,"₹70,990"
Apple,2020 Macbook Air,M1,Mac OS Big Sur,256 GB,8 GB,33.78 cm (13.3 inch),No,"₹70,990"
Apple,2020 Macbook Air,M1,Mac OS Big Sur,256 GB,8 GB,33.78 cm (13.3 inch),No,"₹70,990"
Lenovo,V15 G3 IAP,Core i7,Windows 11 Home,512 GB,16 GB,39.62 cm (15.6 Inch),No,"₹49,990"
ASUS,X515EA-EJ522WS,Core i5,Windows 11 Home,NA,8 GB,39.62 cm (15.6 Inch),No,"₹40,990"
HP,15s- fr4000TU,Core i5,Windows 11 Home,512 GB,8 GB,39.62 cm (15.6 Inch),No,"₹46,990"
ASUS,X1500EA-EJ311W,Core i3,Windows 11 Home,256 GB,8 GB,39.62 cm (15.6 Inch),No,"₹27,990"
HP,15-fb0147AX,Ryzen 5 Hexa Core,Windows 11 Home,512 GB,8 GB,39.62 cm (15.6 Inch),No,"₹45,990"
HP,15s- fr5011TU,Core i5,Windows 11 Home,512 GB,16 GB,39.62 cm (15.6 inch),No,"₹53,990"
HP,14-dv2153TU,Core i5,Windows 11 Home,1 TB,16 GB,35.56 cm (14 inch),No,"₹66,999"
DELL,New Inspiron 15 Laptop,Core i5,Windows 11 Home,512 GB,8 GB,39.62 cm (15.6 Inch),No,"₹45,999"
ASUS,Gaming F15,Core i5,Windows 11 Home,2 TB,8 GB,39.62 cm (15.6 Inch),No,"₹47,990"
ASUS,E510MA-EJ001W,Celeron Dual Core,Windows 11 Home,256 GB,4 GB,39.62 cm (15.6 Inch),No,"₹19,990"
HP,15s-fy5002TU,Core i5,Windows 11 Home,512 GB,8 GB,39.62 cm (15.6 Inch),No,"₹49,990"
ASUS,G513RC-HN061W,Ryzen 7 Octa Core,Windows 11 Home,512 GB,16 GB,39.62 cm (15.6 Inch),No,"₹77,990"
Lenovo,Lenovo V15,Celeron Dual Core,Windows 11 Home,NA,8 GB,39.62 cm (15.6 inch),No,"₹22,990"
Acer,EX215-23,Ryzen 5 Quad Core,Windows 11 Home,512 GB,8 GB,39.62 cm (15.6 Inch),No,"₹29,990"
HP,14-EC1019AU,Ryzen 5 Hexa Core,Windows 11 Home,512 GB,16 GB,35.56 cm (14 inch),No,"₹54,990"
HP,15-eg3079TU,Core i5,Windows 11 Home,512 GB,16 GB,39.62 cm (15.6 Inch),No,"₹66,990"
DELL,Inspiron 3520,Core i3,Windows 11 Home,512 GB,8 GB,39.62 cm (15.6 Inch),No,"₹35,980"
SAMSUNG,NP550,Core i5,Windows 11 Home,512 GB,16 GB,39.62 cm (15.6 Inch),No,"₹47,990"
ASUS,K3504VAB-NJ322WS,Core i3,Windows 11 Home,512 GB,8 GB,39.62 cm (15.6 Inch),No,"₹39,990"
HP,15s-fq5007TU,Core i3,Windows 11 Home,512 GB,8 GB,39.62 cm (15.6 Inch),No,"₹38,990"
HP,15s-fy5003TU,Core i3,Windows 11 Home,512 GB,8 GB,39.62 cm (15.6 Inch),No,"₹37,990"
DELL,Inspiron 3520,Core i3,Windows 11 Home,512 GB,8 GB,96.52 cm (38 cm),No,"₹36,480"
Lenovo,15IAU7,Core i3,Windows 11 Home,512 GB,8 GB,100.63 cm (39.62 cm),No,"₹35,990"
HP,15s- fr4000TU,Core i5,Windows 11 Home,512 GB,8 GB,39.62 cm (15.6 Inch),No,"₹46,990"
HP,15s- fr5011TU,Core i5,Windows 11 Home,512 GB,16 GB,39.62 cm (15.6 inch),No,"₹53,990"
HP,15s- eq2144au,Ryzen 5 Hexa Core,Windows 11 Home,512 GB,8 GB,39.62 cm (15.6 inch),No,"₹38,990"
HP,e0333ax,Ryzen 5 Hexa Core,Windows 11 Home,512 GB,16 GB,40.89 cm (16.1 Inch),No,"₹88,407"
MSI,Modern 14 C7M-063IN,Ryzen 5 Hexa Core,Windows 11 Home,512 GB,8 GB,35.56 cm (14 Inch),No,"₹33,990"
HP,14-dv2153TU,Core i5,Windows 11 Home,1 TB,16 GB,35.56 cm (14 inch),No,"₹66,999"
HP,15s-fy5002TU,Core i5,Windows 11 Home,512 GB,8 GB,39.62 cm (15.6 Inch),No,"₹49,990"
ASUS,X515EA-EJ342WS,Core i3,Windows 11 Home,2 TB,16 GB,39.62 cm (15.6 Inch),No,"₹33,990"
MSI,Thin GF63 12UC-846IN,Core i5,Windows 11 Home,512 GB,16 GB,39.62 cm (15.6 inch),No,"₹52,990"
ASUS,G513RC-HN061W,Ryzen 7 Octa Core,Windows 11 Home,512 GB,16 GB,39.62 cm (15.6 Inch),No,"₹77,990"
HP,14-EC1019AU,Ryzen 5 Hexa Core,Windows 11 Home,512 GB,16 GB,35.56 cm (14 inch),No,"₹54,990"
DELL,Inspiron 3520,Core i3,Windows 11 Home,512 GB,8 GB,39.62 cm (15.6 Inch),No,"₹35,980"
MSI,Bravo 15 B5ED,Ryzen 7 Octa Core,Windows 11 Home,2 TB,16 GB,39.62 cm (15.6 inch),No,"₹54,990"
MSI,Modern 14 C11M-031IN,Core i3,Windows 11 Home,512 GB,8 GB,35.56 cm (14 Inch),No,"₹28,990"
ASUS,15,Core i3,Windows 11 Home,512 GB,8 GB,39.62 cm (15.6 Inch),No,"₹36,990"
HP,15-eg3079TU,Core i5,Windows 11 Home,512 GB,16 GB,39.62 cm (15.6 Inch),No,"₹66,990"
HP,15s-fq5202TU,Core i5,Windows 11 Home,512 GB,8 GB,39.62 cm (15.6 inch),No,"₹53,990"
Infinix,XL422,Core i3,Windows 11 Home,512 GB,8 GB,35.56 cm (14 Inch),No,"₹27,990"
MSI,GF63 Thin 11UC-1294IN,Core i7,Windows 11 Home,4 TB,16 GB,39.62 cm (15.6 Inch),No,"₹66,780"
HP,15s-fq5007TU,Core i3,Windows 11 Home,512 GB,8 GB,39.62 cm (15.6 Inch),No,"₹38,990"
HP,15s-fy5003TU,Core i3,Windows 11 Home,512 GB,8 GB,39.62 cm (15.6 Inch),No,"₹37,990"
HP,255 G8,Ryzen 3 Dual Core,DOS,512 GB,8 GB,39.62 cm (15.6 inch),Yes,"₹30,500"
Ultimus,NU14U3INC43BN-MB,Celeron Dual Core,Windows 11 Home,128 GB,4 GB,35.81 cm (14.1 Inch),No,"₹11,990"
Acer,A715-76G,Core i5,Windows 11 Home,512 GB,16 GB,39.62 cm (15.6 Inch),No,"₹57,990"
HP,15s- fr4000TU,Core i5,Windows 11 Home,512 GB,8 GB,39.62 cm (15.6 Inch),No,"₹46,990"
HP,15s- fr5011TU,Core i5,Windows 11 Home,512 GB,16 GB,39.62 cm (15.6 inch),No,"₹53,990"
Acer,AN515-58,Core i7,Windows 11 Home,1 TB,16 GB,39.62 cm (15.6 Inch),No,"₹89,990"
ASUS,X1502ZA-EJ953WS,Core i3,Windows 11 Home,1 TB,8 GB,39.62 cm (15.6 Inch),No,"₹36,990"
HP,14-dv2153TU,Core i5,Windows 11 Home,1 TB,16 GB,35.56 cm (14 inch),No,"₹66,999"
HP,15s-fy5002TU,Core i5,Windows 11 Home,512 GB,8 GB,39.62 cm (15.6 Inch),No,"₹49,990"
ASUS,Vivobook 15,Core i3,Windows 11 Home,2 TB,8 GB,39.62 cm (15.6 inch),No,"₹43,534"
CHUWI,Hero Book Pro,Celeron Dual Core,Windows 11 Home,256 GB,8 GB,35.81 cm (14.1 inch),No,"₹18,990"
Lenovo,V15 G3 IAP,Core i3,Windows 11 Home,512 GB,8 GB,39.62 cm (15.6 Inch),No,"₹32,840"
Lenovo,15ITL6,Core i5,Windows 11 Home,NA,16 GB,39.62 cm (15.6 inch),No,"₹44,990"
ASUS,G513RC-HN061W,Ryzen 7 Octa Core,Windows 11 Home,512 GB,16 GB,39.62 cm (15.6 Inch),No,"₹77,990"
HP,14-EC1019AU,Ryzen 5 Hexa Core,Windows 11 Home,512 GB,16 GB,35.56 cm (14 inch),No,"₹54,990"
ASUS,E1504FA-NJ322WS,Ryzen 3 Quad Core,Windows 11 Home,1 TB,8 GB,39.62 cm (15.6 Inch),No,"₹33,990"
ASUS,S3402ZA-KM501WS,Core i5,Windows 11 Home,NA,16 GB,35.56 cm (14 Inch),No,"₹65,990"
HP,15-eg3079TU,Core i5,Windows 11 Home,512 GB,16 GB,39.62 cm (15.6 Inch),No,"₹66,990"
HP,15s-fq5202TU,Core i5,Windows 11 Home,512 GB,8 GB,39.62 cm (15.6 inch),No,"₹53,990"
DELL,New Inspiron 15 Laptop,Core i5,Windows 11 Home,1 TB,8 GB,39.62 cm (15.6 Inch),No,"₹49,990"
Lenovo,16IAH8,Core i5,Windows 11 Home,512 GB,16 GB,40.64 cm (16 Inch),No,"₹61,190"
Apple,MacBook Pro,M2,Mac OS Monterey,256 GB,8 GB,33.78 cm (13.3 Inch),No,"₹99,990"
SAMSUNG,Galaxy Book3,Core i5,Windows 11 Home,512 GB,8 GB,39.62 cm (15.6 Inch),No,"₹69,990"
HP,15s-fy5003TU,Core i3,Windows 11 Home,512 GB,8 GB,39.62 cm (15.6 Inch),No,"₹37,990"
HP,15s- fr4000TU,Core i5,Windows 11 Home,512 GB,8 GB,39.62 cm (15.6 Inch),No,"₹46,990"
Lenovo,15ACH6,Ryzen 5 Hexa Core,Windows 11 Home,512 GB,8 GB,100.63 cm (39.62 cm),No,"₹45,990"
HP,15s-fq5007TU,Core i3,Windows 11 Home,512 GB,8 GB,39.62 cm (15.6 Inch),No,"₹40,490"
HP,15s- fr5011TU,Core i5,Windows 11 Home,512 GB,16 GB,39.62 cm (15.6 inch),No,"₹53,990"
HP,14-dv2153TU,Core i5,Windows 11 Home,1 TB,16 GB,35.56 cm (14 inch),No,"₹66,999"
Acer,A315-510P,Core i3,Windows 11 Home,256 GB,8 GB,39.62 cm (15.6 inch),No,"₹29,980"
Infinix,INBook Y1 Plus,Core i3,Windows 11 Home,512 GB,8 GB,39.62 cm (15.6 inch),No,"₹25,990"
ASUS,X1502ZA-EJ515WS,Core i5,Windows 11 Home,1 TB,8 GB,39.62 cm (15.6 Inch),No,"₹47,990"
HP,15-eg3079TU,Core i5,Windows 11 Home,512 GB,16 GB,39.62 cm (15.6 Inch),No,"₹66,990"
HP,15s-fy5002TU,Core i5,Windows 11 Home,512 GB,8 GB,39.62 cm (15.6 Inch),No,"₹49,990"
ASUS,G513RC-HN061W,Ryzen 7 Octa Core,Windows 11 Home,512 GB,16 GB,39.62 cm (15.6 Inch),No,"₹77,990"
ASUS,TN3402QA-LZ740WS,Ryzen 7 Octa Core,Windows 11 Home,512 GB,16 GB,35.56 cm (14 Inch),Yes,"₹64,990"
HP,15s- eq2144au,Ryzen 5 Hexa Core,Windows 11 Home,512 GB,8 GB,39.62 cm (15.6 inch),No,"₹43,490"
HP,14-EC1019AU,Ryzen 5 Hexa Core,Windows 11 Home,512 GB,16 GB,35.56 cm (14 inch),No,"₹54,990"
HP,15s-fq5202TU,Core i5,Windows 11 Home,512 GB,8 GB,39.62 cm (15.6 inch),No,"₹53,990"
ASUS,E1504FA-LK521WS,Ryzen 5 Quad Core,Windows 11 Home,512 GB,8 GB,39.62 cm (15.6 Inch),No,"₹45,990"
ASUS,E1404GA-NK322WS,Core i3,Windows 11 Home,512 GB,8 GB,35.56 cm (14 Inch),No,"₹35,990"
Infinix,INBook Y2 Plus,Core i5,Windows 11 Home,512 GB,16 GB,39.62 cm (15.6 inch),No,"₹34,990"
HP,15-fe0027TU,Core i5,Windows 11 Home,512 GB,16 GB,39.62 cm (15.6 Inch),Yes,"₹88,690"
HP,15s-fq5007TU,Core i3,Windows 11 Home,512 GB,8 GB,39.62 cm (15.6 Inch),No,"₹38,990"
HP,15s-fy5003TU,Core i3,Windows 11 Home,512 GB,8 GB,39.62 cm (15.6 Inch),No,"₹37,990"
Acer,A514-56GM,Core i5,Windows 11 Home,512 GB,16 GB,35.56 cm (14 Inch),No,"₹56,990"
Acer,AN515-58,Core i7,Windows 11 Home,512 GB,16 GB,39.62 cm (15.6 Inch),No,"₹86,990"
HP,15s- fr4000TU,Core i5,Windows 11 Home,512 GB,8 GB,39.62 cm (15.6 Inch),No,"₹46,990"
HP,15s- fr5011TU,Core i5,Windows 11 Home,512 GB,16 GB,39.62 cm (15.6 inch),No,"₹53,990"
MSI,Modern 14 C11M-030IN,Core i5,Windows 11 Home,512 GB,8 GB,35.56 cm (14 Inch),No,"₹36,990"
ASUS,Vivobook 16X,Ryzen 7 Octa Core,Windows 11 Home,512 GB,16 GB,40.64 cm (16 inch),No,"₹57,390"
Infinix,XL30,Celeron Quad Core,Windows 11 Home,512 GB,8 GB,39.01 cm (15.36 inch),No,"₹23,990"
HP,14-EC1019AU,Ryzen 5 Hexa Core,Windows 11 Home,512 GB,16 GB,35.56 cm (14 inch),No,"₹54,990"
HP,14-dv2153TU,Core i5,Windows 11 Home,1 TB,16 GB,35.56 cm (14 inch),No,"₹66,999"
HP,15s-fy5002TU,Core i5,Windows 11 Home,512 GB,8 GB,39.62 cm (15.6 Inch),No,"₹49,990"
DELL,Inspiron 3511,Core i5,Windows 11 Home,512 GB,8 GB,39.62 cm (15.6 inch),No,"₹45,990"
ASUS,X515EA-EJ312W,Core i3,Windows 11 Home,2 TB,8 GB,39.62 cm (15.6 Inch),No,"₹27,990"
ASUS,G513RC-HN061W,Ryzen 7 Octa Core,Windows 11 Home,512 GB,16 GB,39.62 cm (15.6 Inch),No,"₹77,990"
HP,15-eg3079TU,Core i5,Windows 11 Home,512 GB,16 GB,39.62 cm (15.6 Inch),No,"₹66,990"
HP,15s- eq1580AU,Ryzen 3 Dual Core,Windows 11 Home,512 GB,8 GB,39.62 cm (15.6 Inch),No,"₹30,999"
HP,15-fb0131AX,Ryzen 5 Hexa Core,Windows 11 Home,512 GB,8 GB,39.62 cm (15.6 Inch),No,"₹58,800"
HP,14s - dy2508TU,Core i3,Windows 11 Home,512 GB,8 GB,35.56 cm (14 inch),No,"₹43,349"
HP,15-fd0011TU,Core i5,Windows 11 Home,512 GB,8 GB,39.62 cm (15.6 Inch),No,"₹60,490"
HP,14c-cc0010TU,Core i5,Chrome,256 GB,8 GB,35.56 cm (14 inch),No,"₹62,990"
HP,15s-fy5003TU,Core i3,Windows 11 Home,512 GB,8 GB,39.62 cm (15.6 Inch),No,"₹37,990"
HP,15s- fr4000TU,Core i5,Windows 11 Home,512 GB,8 GB,39.62 cm (15.6 Inch),No,"₹46,990"
Lenovo,15ITL05,Core i3,Windows 11 Home,NA,8 GB,39.62 cm (15.6 Inch),No,"₹32,990"
MSI,Modern 14 C7M-062IN,Ryzen 5 Hexa Core,Windows 11 Home,512 GB,16 GB,35.56 cm (14 Inch),No,"₹37,990"
HP,15s-ey1509AU,Athlon Dual Core,Windows 11 Home,512 GB,8 GB,39.62 cm (15.6 Inch),No,"₹30,690"
HP,15s-fq5007TU,Core i3,Windows 11 Home,512 GB,8 GB,39.62 cm (15.6 Inch),No,"₹38,990"
HP,15s- fr5011TU,Core i5,Windows 11 Home,512 GB,16 GB,39.62 cm (15.6 inch),No,"₹53,990"
Apple,MacBook Air,M2,Mac OS Monterey,256 GB,8 GB,34.54 cm (13.6 Inch),No,"₹1,04,990"
HP,255 G8 Laptop,Ryzen 3 Dual Core,DOS,512 GB,8 GB,39.62 cm (15.6 inch),No,"₹23,999"
HP,14-dv2153TU,Core i5,Windows 11 Home,1 TB,16 GB,35.56 cm (14 inch),No,"₹66,999"
HP,14c-cc0010TU,Core i5,Chrome,256 GB,8 GB,35.56 cm (14 inch),No,"₹62,990"
ASUS,E1504FA-LK321WS,Ryzen 3 Quad Core,Windows 11 Home,1 TB,8 GB,39.62 cm (15.6 Inch),No,"₹39,990"
Lenovo,V15 G2 ALC,Ryzen 5 Hexa Core,Windows 11 Home,512 GB,8 GB,39.62 cm (15.6 Inch),No,"₹34,990"
ASUS,E1504FA-LK323WS,Ryzen 3 Quad Core,Windows 11 Home,512 GB,8 GB,39.62 cm (15.6 Inch),No,"₹39,990"
ASUS,G513RC-HN061W,Ryzen 7 Octa Core,Windows 11 Home,512 GB,16 GB,39.62 cm (15.6 Inch),No,"₹77,990"
HP,14-EC1019AU,Ryzen 5 Hexa Core,Windows 11 Home,512 GB,16 GB,35.56 cm (14 inch),No,"₹54,990"
HP,15s-fy5006TU,Core i3,Windows 11 Home,512 GB,8 GB,39.62 cm (15.6 Inch),No,"₹37,990"
HP,14s - dy2507TU,Core i3,Windows 11 Home,256 GB,8 GB,35.56 cm (14 inch),No,"₹35,990"
HP,15-eg3079TU,Core i5,Windows 11 Home,512 GB,16 GB,39.62 cm (15.6 Inch),No,"₹66,990"
HP,15-fd0011TU,Core i5,Windows 11 Home,512 GB,8 GB,39.62 cm (15.6 Inch),No,"₹60,490"
HP,15s-fq5202TU,Core i5,Windows 11 Home,512 GB,8 GB,39.62 cm (15.6 inch),No,"₹53,990"
Lenovo,15IRU8,Core i3,Windows 11 Home,512 GB,8 GB,39.62 cm (15.6 inch),No,"₹44,990"
HP,14-dv2014TU,Core i5,Windows 11 Home,512 GB,16 GB,35.56 cm (14 inch),No,"₹63,999"
ASUS,UP5401ZA-KU541WS,Core i5,Windows 11 Home,512 GB,16 GB,35.56 cm (14 Inch),Yes,"₹76,990"
HP,15s-fq5007TU,Core i3,Windows 11 Home,512 GB,8 GB,39.62 cm (15.6 Inch),No,"₹38,990"
HP,15s-fy5003TU,Core i3,Windows 11 Home,512 GB,8 GB,39.62 cm (15.6 Inch),No,"₹37,990"
WINGS,WL-Nuvobook V1-GRN,Core i5,Windows 11 Home,512 GB,8 GB,39.62 cm (15.6 Inch),No,"₹27,990"
HP,14a-ca0504TU,Celeron Quad Core,Chrome,64 GB,4 GB,35.56 cm (14 Inch),Yes,"₹24,500"
HP,15s- fr4000TU,Core i5,Windows 11 Home,512 GB,8 GB,39.62 cm (15.6 Inch),No,"₹46,990"
HP,15s- fr5011TU,Core i5,Windows 11 Home,512 GB,16 GB,39.62 cm (15.6 inch),No,"₹53,990"
Lenovo,15APH8,Ryzen 7 Octa Core,Windows 11 Home,512 GB,16 GB,39.62 cm (15.6 Inch),No,"₹1,01,990"
Ultimus,NU14U3INF56BN-SG,Core i5,Windows 11 Home,512 GB,8 GB,35.81 cm (14.1 Inch),Yes,"₹19,990"
ASUS,FX506HF-HN026W,Core i5,Windows 11 Home,1 TB,8 GB,39.62 cm (15.6 Inch),No,"₹55,990"
Infinix,ZL513,Core i5,Windows 11 Home,512 GB,16 GB,39.62 cm (15.6 inch),No,"₹48,990"
HP,14-dv2153TU,Core i5,Windows 11 Home,1 TB,16 GB,35.56 cm (14 inch),No,"₹66,999"
HP,15s-fy5002TU,Core i5,Windows 11 Home,512 GB,8 GB,39.62 cm (15.6 Inch),No,"₹49,990"
Infinix,XL28,Core i5,Windows 11 Home,512 GB,8 GB,39.62 cm (15.6 inch),No,"₹29,990"
CHUWI,FreeBook,Core i3,Windows 11 Home,512 GB,12 GB,34.29 cm (13.5 inch),Yes,"₹33,990"
ASUS,G513RC-HN061W,Ryzen 7 Octa Core,Windows 11 Home,512 GB,16 GB,39.62 cm (15.6 Inch),No,"₹77,990"
HP,14-EC1019AU,Ryzen 5 Hexa Core,Windows 11 Home,512 GB,16 GB,35.56 cm (14 inch),No,"₹54,990"
ASUS,S3402ZA-KM502WS,Core i5,Windows 11 Home,NA,16 GB,35.56 cm (14 Inch),No,"₹65,990"
MSI,Thin GF63 12VF-663IN,Core i7,Windows 11 Home,2 TB,16 GB,39.62 cm (15.6 Inch),No,"₹79,990"
ASUS,X415EA-EK344WS,Core i3,Windows 11 Home,512 GB,16 GB,35.56 cm (14 Inch),No,"₹35,990"
Acer,Aspire 3,Core i5,Windows 11 Home,512 GB,16 GB,39.62 cm (15.6 Inch),No,"₹44,990"
HP,15-eg3079TU,Core i5,Windows 11 Home,512 GB,16 GB,39.62 cm (15.6 Inch),No,"₹66,990"
HP,15s-fq5202TU,Core i5,Windows 11 Home,512 GB,8 GB,39.62 cm (15.6 inch),No,"₹53,990"
ASUS,M1605YA-MB551WS,Ryzen 5 Hexa Core,Windows 11 Home,1 TB,16 GB,40.64 cm (16 Inch),No,"₹53,990"
Lenovo,15ARH7,Ryzen 5 Hexa Core,Windows 11 Home,512 GB,16 GB,39.62 cm (15.6 Inch),No,"₹56,990"
HP,15s-fy5003TU,Core i3,Windows 11 Home,512 GB,8 GB,39.62 cm (15.6 Inch),No,"₹37,990"
HP,14-dv2153TU,Core i5,Windows 11 Home,1 TB,16 GB,35.56 cm (14 inch),No,"₹66,999"
MSI,Thin GF63 12VF-268IN,Core i5,Windows 11 Home,2 TB,16 GB,39.62 cm (15.6 Inch),No,"₹74,990"
ASUS,X1605VAB-MB544WS,Core i5,Windows 11 Home,512 GB,16 GB,40.64 cm (16 Inch),No,"₹60,990"
HP,15s-fq5112TU,Core i5,Windows 11 Home,512 GB,16 GB,39.62 cm (15.6 inch),No,"₹57,990"
HP,15s- fr5011TU,Core i5,Windows 11 Home,512 GB,16 GB,39.62 cm (15.6 inch),No,"₹53,990"
HP,15s-fq5007TU,Core i3,Windows 11 Home,512 GB,8 GB,39.62 cm (15.6 Inch),No,"₹38,990"
HP,15s-fy5002TU,Core i5,Windows 11 Home,512 GB,8 GB,39.62 cm (15.6 Inch),No,"₹49,990"
ASUS,G513RC-HN061W,Ryzen 7 Octa Core,Windows 11 Home,512 GB,16 GB,39.62 cm (15.6 Inch),No,"₹77,990"
HP,15-fd0024TU,Core i7,Windows 11 Home,512 GB,16 GB,39.62 cm (15.6 Inch),No,"₹79,590"
Lenovo,15IHU6,Core i5,Windows 11 Home,512 GB,8 GB,39.62 cm (15.6 inch),No,"₹50,990"
HP,14-EC1019AU,Ryzen 5 Hexa Core,Windows 11 Home,512 GB,16 GB,35.56 cm (14 inch),No,"₹54,990"
HP,15-eg3079TU,Core i5,Windows 11 Home,512 GB,16 GB,39.62 cm (15.6 Inch),No,"₹66,990"
Infinix,INBook X1 Neo,Celeron Quad Core,Windows 11 Home,256 GB,8 GB,35.56 cm (14 inch),No,"₹24,990"
Lenovo,15ARH7,Ryzen 5 Hexa Core,Windows 11 Home,512 GB,16 GB,39.62 cm (15.6 inch),No,"₹67,890"
HP,15s-fq5202TU,Core i5,Windows 11 Home,512 GB,8 GB,39.62 cm (15.6 inch),No,"₹53,990"
HP,15-fd0011TU,Core i5,Windows 11 Home,512 GB,8 GB,39.62 cm (15.6 Inch),No,"₹60,490"
DELL,Inspiron 3511,Core i3,Windows 11 Home,512 GB,8 GB,96.52 cm (38 cm),No,"₹36,990"
HP,HP Pavilion 15,Ryzen 5 Hexa Core,Windows 11 Home,512 GB,8 GB,38.1 cm (15 inch),No,"₹50,990"
Lenovo,15IRU8,Core i3,Windows 11 Home,512 GB,8 GB,39.62 cm (15.6 inch),No,"₹44,990"
MSI,GF63 Thin 11UCX-1496IN,Core i5,Windows 11 Home,4 TB,16 GB,39.62 cm (15.6 Inch),No,"₹50,990"
Lenovo,15IAU7,Core i3,Windows 11 Home,NA,8 GB,39.62 cm (15.6 Inch),No,"₹35,990"
HP,15s-fq5007TU,Core i3,Windows 11 Home,512 GB,8 GB,39.62 cm (15.6 Inch),No,"₹38,990"
ASUS,X1605VAB-MB544WS,Core i5,Windows 11 Home,512 GB,16 GB,40.64 cm (16 Inch),No,"₹60,990"
HP,15-fb0135AX,Ryzen 5 Hexa Core,Windows 11 Home,512 GB,8 GB,39.62 cm (15.6 Inch),No,"₹57,990"
HP,15s-fy5003TU,Core i3,Windows 11 Home,512 GB,8 GB,39.62 cm (15.6 Inch),No,"₹37,990"
HP,15s- fr4000TU,Core i5,Windows 11 Home,512 GB,8 GB,39.62 cm (15.6 Inch),No,"₹46,990"
ASUS,M1605YA-MB551WS,Ryzen 5 Hexa Core,Windows 11 Home,1 TB,16 GB,40.64 cm (16 Inch),No,"₹53,990"
ASUS,X1504ZA-NJ521WS,Core i5,Windows 11 Home,512 GB,8 GB,39.62 cm (15.6 Inch),No,"₹47,990"
HP,15-fe0027TU,Core i5,Windows 11 Home,512 GB,16 GB,39.62 cm (15.6 Inch),Yes,"₹88,690"
ASUS,G513RC-HN061W,Ryzen 7 Octa Core,Windows 11 Home,512 GB,16 GB,39.62 cm (15.6 Inch),No,"₹77,990"
HP,15s- fr5011TU,Core i5,Windows 11 Home,512 GB,16 GB,39.62 cm (15.6 inch),No,"₹53,990"
HP,14-dv2153TU,Core i5,Windows 11 Home,1 TB,16 GB,35.56 cm (14 inch),No,"₹66,999"
MSI,Thin GF63 12VF-268IN,Core i5,Windows 11 Home,2 TB,16 GB,39.62 cm (15.6 Inch),No,"₹74,990"
Infinix,XL30,Celeron Quad Core,Windows 11 Home,512 GB,8 GB,39.01 cm (15.36 inch),No,"₹23,990"
HP,15s-fy5002TU,Core i5,Windows 11 Home,512 GB,8 GB,39.62 cm (15.6 Inch),No,"₹49,990"
HP,14-EC1019AU,Ryzen 5 Hexa Core,Windows 11 Home,512 GB,16 GB,35.56 cm (14 inch),No,"₹54,990"
ASUS,TN3402QA-LZ520WS,Ryzen 5 Hexa Core,Windows 11 Home,1 TB,8 GB,35.56 cm (14 inch),Yes,"₹58,990"
DELL,Inspiron 3511,Core i5,Windows 11 Home,512 GB,8 GB,39.62 cm (15.6 inch),Yes,"₹43,990"
SAMSUNG,Galaxy Book3,Core i7,Windows 11 Home,512 GB,16 GB,39.62 cm (15.6 Inch),No,"₹89,990"
HP,15s-fq5007TU,Core i3,Windows 11 Home,512 GB,8 GB,39.62 cm (15.6 Inch),No,"₹38,990"
HP,15s-fy5003TU,Core i3,Windows 11 Home,512 GB,8 GB,39.62 cm (15.6 Inch),No,"₹37,990"
HP,15s-fy5007TU,Core i5,Windows 11 Home,512 GB,8 GB,39.62 cm (15.6 Inch),No,"₹52,990"
ASUS,M1502QA-EJ741WS,Ryzen 7 Octa Core,Windows 11 Home,1 TB,16 GB,39.62 cm (15.6 Inch),No,"₹49,990"
HP,15s- fr4000TU,Core i5,Windows 11 Home,512 GB,8 GB,39.62 cm (15.6 Inch),No,"₹46,990"
HP,15s- fr5011TU,Core i5,Windows 11 Home,512 GB,16 GB,39.62 cm (15.6 inch),No,"₹53,990"
SAMSUNG,Galaxy Book3,Core i5,Windows 11 Home,512 GB,16 GB,39.62 cm (15.6 Inch),No,"₹74,990"
DELL,Vostro,Core i3,Windows 10,256 GB,8 GB,38.0 cm (14.96 Inch),No,"₹34,990"
Infinix,INBook X2 Plus Core i7,Core i7,Windows 11 Home,1 TB,16 GB,39.62 cm (15.6 inch),No,"₹40,990"
ASUS,E1404FA-NK321WS,Ryzen 3 Quad Core,Windows 11 Home,512 GB,8 GB,35.81 cm (14.1 inch),No,"₹34,499"
HP,14-dv2153TU,Core i5,Windows 11 Home,1 TB,16 GB,35.56 cm (14 inch),No,"₹66,999"
HP,15s-fy5002TU,Core i5,Windows 11 Home,512 GB,8 GB,39.62 cm (15.6 Inch),No,"₹49,990"
Infinix,INBook Y2 Plus,Core i3,Windows 11 Home,512 GB,8 GB,39.62 cm (15.6 inch),No,"₹27,490"
DELL,Inspiron 3520,Core i5,Windows 11 Home,512 GB,8 GB,39.62 cm (15.6 Inch),No,"₹53,480"
HP,15s-fq5007TU,Core i3,Windows 11 Home,512 GB,8 GB,39.62 cm (15.6 Inch),No,"₹38,990"
HP,15s-fy5003TU,Core i3,Windows 11 Home,512 GB,8 GB,39.62 cm (15.6 Inch),No,"₹37,990"
HP,13b-ca0006MU,MediaTek Kompanio 1200,Chrome,256 GB,8 GB,33.78 cm (13.3 Inch),No,"₹35,990"
ASUS,GA401QE-K2166TS,Ryzen 9 Octa Core,Windows 10 Home,1 TB,16 GB,35.56 cm (14 Inch),No,"₹89,990"
HP,15s- fr4000TU,Core i5,Windows 11 Home,512 GB,8 GB,39.62 cm (15.6 Inch),No,"₹46,990"
HP,15s- fr5011TU,Core i5,Windows 11 Home,512 GB,16 GB,39.62 cm (15.6 inch),No,"₹53,990"
WINGS,WL-Nuvobook V1-BLU,Core i5,Windows 11 Home,512 GB,8 GB,39.62 cm (15.6 Inch),No,"₹27,990"
Lenovo,V15 G4,Ryzen 3 Quad Core,Windows 11 Home,512 GB,8 GB,39.62 cm (15.6 Inch),No,"₹29,800"
ASUS,E510MA-EJ011WS,Celeron Dual Core,Windows 11 Home,1 TB,8 GB,39.62 cm (15.6 Inch),No,"₹24,990"
HP,15-fb0137AX,Ryzen 7 Octa Core,Windows 11 Home,512 GB,16 GB,39.62 cm (15.6 Inch),No,"₹66,990"
HP,14-dv2153TU,Core i5,Windows 11 Home,1 TB,16 GB,35.56 cm (14 inch),No,"₹66,999"
HP,15s-fy5002TU,Core i5,Windows 11 Home,512 GB,8 GB,39.62 cm (15.6 Inch),No,"₹49,990"
Infinix,INBook X2 Plus Core i7,Core i7,Windows 11 Home,1 TB,16 GB,39.62 cm (15.6 inch),No,"₹40,990"
HP,14s-fy1003AU,Ryzen 5 Hexa Core,Windows 11 Home,512 GB,16 GB,35.56 cm (14 inch),No,"₹45,490"
ASUS,G513RC-HN061W,Ryzen 7 Octa Core,Windows 11 Home,512 GB,16 GB,39.62 cm (15.6 Inch),No,"₹77,990"
HP,Notebook,Core i5,Windows 11 Home,512 GB,16 GB,39.62 cm (15.6 inch),No,"₹50,999"
HP,15a- na0012TU,Celeron Dual Core,Chrome,128 GB,4 GB,39.62 cm (15.6 Inch),No,"₹22,100"
Lenovo,Lenovo V15,Celeron Dual Core,DOS,256 GB,8 GB,39.62 cm (15.6 inch),No,"₹21,990"
ASUS,M6500QFB-LK742WS,Ryzen 7 Octa Core,Windows 11 Home,512 GB,16 GB,39.62 cm (15.6 Inch),No,"₹67,990"
HP,15-eg3079TU,Core i5,Windows 11 Home,512 GB,16 GB,39.62 cm (15.6 Inch),No,"₹66,990"
HP,15s-fq5202TU,Core i5,Windows 11 Home,512 GB,8 GB,39.62 cm (15.6 inch),No,"₹53,990"
Infinix,XL30,Celeron Quad Core,Windows 11 Home,128 GB,4 GB,39.62 cm (15.6 Inch),No,"₹20,990"
Acer,A315-24P,Ryzen 3 Quad Core,Windows 11 Home,256 GB,8 GB,39.62 cm (15.6 Inch),No,"₹27,990"
HP,15s-fq5007TU,Core i3,Windows 11 Home,512 GB,8 GB,39.62 cm (15.6 Inch),No,"₹38,990"
DELL,INSP 5620,Core i3,Windows 11 Home,512 GB,8 GB,40.64 cm (16 inch),Yes,"₹43,990"
Acer,ANV15-51,Core i5,Windows 11 Home,512 GB,16 GB,39.62 cm (15.6 Inch),No,"₹64,990"
ASUS,K3504VAB-NJ541WS,Core i5,Windows 11 Home,512 GB,16 GB,39.62 cm (15.6 Inch),No,"₹59,500"
Infinix,XL422,Core i5,Windows 11 Home,512 GB,16 GB,35.56 cm (14 Inch),No,"₹38,990"
HP,15s- fr4000TU,Core i5,Windows 11 Home,512 GB,8 GB,39.62 cm (15.6 Inch),No,"₹46,990"
HP,15s- fr5011TU,Core i5,Windows 11 Home,512 GB,16 GB,39.62 cm (15.6 inch),No,"₹53,990"
ZEBRONICS,ZEB-NBC 2S,Core i5,Windows 11 Home,512 GB,16 GB,39.62 cm (15.6 inch),No,"₹32,990"
Infinix,INBook Y1 Plus,Core i3,Windows 11 Home,256 GB,8 GB,39.62 cm (15.6 inch),No,"₹28,790"
HP,15s-fq5007TU,Core i3,Windows 11 Home,512 GB,8 GB,39.62 cm (15.6 Inch),No,"₹38,990"
HP,15s-fy5003TU,Core i3,Windows 11 Home,512 GB,8 GB,39.62 cm (15.6 Inch),No,"₹37,990"
HP,15s- ey2001au,Ryzen 7 Octa Core,Windows 11 Home,512 GB,16 GB,39.62 cm (15.6 Inch),No,"₹53,990"
Primebook,Primebook S 4G,MediaTek MT8788,Prime OS,128 GB,4 GB,29.46 cm (11.6 Inch),No,"₹16,990"
HP,15s- fr4000TU,Core i5,Windows 11 Home,512 GB,8 GB,39.62 cm (15.6 Inch),No,"₹46,990"
HP,15s- fr5011TU,Core i5,Windows 11 Home,512 GB,16 GB,39.62 cm (15.6 inch),No,"₹53,990"
Lenovo,15ACH6H,Ryzen 7 Octa Core,Windows 11 Home,1 TB,16 GB,39.62 cm (15.6 Inch),No,"₹99,990"
Acer,PHN16-71,Core i7,Windows 11 Home,512 GB,16 GB,40.64 cm (16 Inch),No,"₹1,19,990"
HP,15a- na0012TU,Celeron Dual Core,Chrome,128 GB,4 GB,39.62 cm (15.6 Inch),No,"₹25,935"
HP,14-dv2153TU,Core i5,Windows 11 Home,1 TB,16 GB,35.56 cm (14 inch),No,"₹66,999"
HP,15s-fy5002TU,Core i5,Windows 11 Home,512 GB,8 GB,39.62 cm (15.6 Inch),No,"₹49,990"
ZEBRONICS,ZEB-NBC 3S,Core i3,Windows 11 Home,512 GB,8 GB,39.62 cm (15.6 Inch),No,"₹31,990"
ASUS,ROG Strix G15,Ryzen 7 Octa Core,Windows 11 Home,1 TB,16 GB,39.62 cm (15.6 inch),Yes,"₹84,990"
ASUS,G513RC-HN061W,Ryzen 7 Octa Core,Windows 11 Home,512 GB,16 GB,39.62 cm (15.6 Inch),No,"₹77,990"
HP,14-EC1019AU,Ryzen 5 Hexa Core,Windows 11 Home,512 GB,16 GB,35.56 cm (14 inch),No,"₹54,990"
ASUS,RC71L-NH019W,Ryzen Z1 HexaCore,Windows 11 Home,512 GB,16 GB,17.78 cm (7 Inch),Yes,"₹52,990"
Infinix,XL25,Core i5,Windows 11 Home,512 GB,16 GB,39.62 cm (15.6 Inch),No,"₹37,990"
ASUS,G513RC-HN083W,Ryzen 7 Octa Core,Windows 11 Home,1 TB,16 GB,39.62 cm (15.6 Inch),No,"₹81,990"
MSI,Katana 17 B13UDXK-255IN,Core i7,Windows 11 Home,4 TB,16 GB,43.94 cm (17.3 Inch),No,"₹93,990"
HP,15-eg3079TU,Core i5,Windows 11 Home,512 GB,16 GB,39.62 cm (15.6 Inch),No,"₹66,990"
HP,15s-fq5202TU,Core i5,Windows 11 Home,512 GB,8 GB,39.62 cm (15.6 inch),No,"₹53,990"
HP,Notebook,Core i7,Windows 11 Home,512 GB,16 GB,39.62 cm (15.6 inch),No,"₹68,373"
Lenovo,15IGL05,Celeron Dual Core,Windows 11 Home,256 GB,8 GB,39.62 cm (15.6 Inch),No,"₹26,990"
HP,15s-fy5003TU,Core i3,Windows 11 Home,512 GB,8 GB,39.62 cm (15.6 Inch),No,"₹37,990"
HP,15s- fr4000TU,Core i5,Windows 11 Home,512 GB,8 GB,39.62 cm (15.6 Inch),No,"₹46,990"
ASUS,M6500QF-HN521W,Ryzen 5 Hexa Core,Windows 11 Home,512 GB,8 GB,39.62 cm (15.6 Inch),No,"₹50,990"
ASUS,K3605ZC-MBN541WS,Core i5,Windows 11 Home,512 GB,16 GB,40.64 cm (16 Inch),No,"₹69,990"
HP,15-fb1016AX,Ryzen 5 Hexa Core,Windows 11 Home,512 GB,8 GB,39.62 cm (15.6 Inch),No,"₹64,400"
WINGS,WL-Nuvobook S1-SLV,Core i3,Windows 11 Home,256 GB,8 GB,39.62 cm (15.6 Inch),No,"₹24,990"
HP,15s- fr5011TU,Core i5,Windows 11 Home,512 GB,16 GB,39.62 cm (15.6 inch),No,"₹53,990"
Lenovo,15AMN7,Ryzen 3 Quad Core,Windows 11 Home,NA,8 GB,39.62 cm (15.6 inch),No,"₹33,990"
HP,15s-fy5007TU,Core i5,Windows 11 Home,512 GB,8 GB,39.62 cm (15.6 Inch),No,"₹53,990"
HP,14-dv2153TU,Core i5,Windows 11 Home,1 TB,16 GB,35.56 cm (14 inch),No,"₹66,999"
HP,15s-fy5002TU,Core i5,Windows 11 Home,512 GB,8 GB,39.62 cm (15.6 Inch),No,"₹49,990"
DELL,Inspiron 3530,Core i5,Windows 11 Home,1 TB,16 GB,39.62 cm (15.6 Inch),No,"₹64,990"
ASUS,Chromebook,Celeron Dual Core,Chrome,64 GB,4 GB,35.56 cm (14 inch),Yes,"₹23,999"
Acer,A315-59,Core i3,Windows 11 Home,512 GB,8 GB,39.62 cm (15.6 inch),No,"₹31,890"
Acer,ANV15-51,Core i5,Windows 11 Home,512 GB,8 GB,39.62 cm (15.6 Inch),No,"₹62,990"
ASUS,G513RC-HN061W,Ryzen 7 Octa Core,Windows 11 Home,512 GB,16 GB,39.62 cm (15.6 Inch),No,"₹77,990"
HP,14-EC1019AU,Ryzen 5 Hexa Core,Windows 11 Home,512 GB,16 GB,35.56 cm (14 inch),No,"₹54,990"
MSI,Thin GF63 12VE-070IN,Core i7,Windows 11 Home,2 TB,16 GB,39.62 cm (15.6 Inch),No,"₹79,990"
HP,15-fb0150AX,Ryzen 5 Hexa Core,Windows 11 Home,512 GB,16 GB,39.62 cm (15.6 Inch),Yes,"₹54,999"
HP,15-eg3079TU,Core i5,Windows 11 Home,512 GB,16 GB,39.62 cm (15.6 Inch),No,"₹66,990"
HP,15s-fq5202TU,Core i5,Windows 11 Home,512 GB,8 GB,39.62 cm (15.6 inch),No,"₹53,990"
HP,14-dv1000TU,Core i5,Windows 11 Home,512 GB,8 GB,35.56 cm (14 inch),No,"₹57,680"
DELL,Inspiron,Core i5,Windows 11 Home,512 GB,8 GB,39.62 cm (15.6 inch),No,"₹70,199"
DELL,G15-5525,Ryzen 7 Octa Core,Windows 11 Home,512 GB,16 GB,96.52 cm (38 cm),No,"₹93,003"
Lenovo,15ACH6H,Ryzen 7 Octa Core,Windows 11 Home,512 GB,16 GB,39.62 cm (15.6 Inch),No,"₹98,990"
HP,15s-fq5007TU,Core i3,Windows 11 Home,512 GB,8 GB,39.62 cm (15.6 Inch),No,"₹38,990"
HP,15s-fy5003TU,Core i3,Windows 11 Home,512 GB,8 GB,39.62 cm (15.6 Inch),No,"₹37,990"
Infinix,ZL513,Core i7,Windows 11 Home,1 TB,32 GB,39.62 cm (15.6 inch),No,"₹57,990"
DELL,G15-5520,Core i7,Windows 11 Home,512 GB,16 GB,96.52 cm (38 cm),No,"₹1,47,689"
HP,15s- fr4000TU,Core i5,Windows 11 Home,512 GB,8 GB,39.62 cm (15.6 Inch),No,"₹46,990"
HP,15s- fr5011TU,Core i5,Windows 11 Home,512 GB,16 GB,39.62 cm (15.6 inch),No,"₹53,990"
Apple,MacBook Pro,M2,Mac OS Monterey,512 GB,8 GB,33.78 cm (13.3 Inch),No,"₹1,36,990"
HP,15s,Core i3,Windows 11 Home,512 GB,8 GB,39.62 cm (15.6 inch),Yes,"₹39,550"
MSI,Katana 15 B12VFK-299IN,Core i7,Windows 11 Home,4 TB,16 GB,39.62 cm (15.6 Inch),No,"₹1,03,990"
HP,14-dv2153TU,Core i5,Windows 11 Home,1 TB,16 GB,35.56 cm (14 inch),No,"₹66,999"
HP,15s FR2508TU,Core i3,Windows 11 Home,512 GB,8 GB,39.62 cm (15.6 Inch),No,"₹38,500"
Acer,Aspire 5,Core i5,Windows 11 Home,512 GB,8 GB,39.62 cm (15.6 Inch),No,"₹49,990"
ASUS,TUF Gaming F15,Core i7,Windows 11 Home,1 TB,16 GB,39.62 cm (15.6 inch),Yes,"₹74,990"
ASUS,FX707ZC4-HX048WS,Core i5,Windows 11 Home,3 TB,8 GB,43.94 cm (17.3 inch),No,"₹85,990"
HP,15s- eq2223AU,Ryzen 5 Hexa Core,Windows 11 Home,512 GB,8 GB,39.62 cm (15.6 Inch),No,"₹43,500"
MSI,Katana 17 B13VEK-254IN,Core i7,Windows 11 Home,4 TB,16 GB,43.94 cm (17.3 Inch),No,"₹1,10,990"
HP,15-eg3079TU,Core i5,Windows 11 Home,512 GB,16 GB,39.62 cm (15.6 Inch),No,"₹66,990"
HP,15s-fq5202TU,Core i5,Windows 11 Home,512 GB,8 GB,39.62 cm (15.6 inch),No,"₹53,990"
Lenovo,15IRH8,Core i7,Windows 11 Home,512 GB,16 GB,39.62 cm (15.6 Inch),No,"₹1,07,990"
HP,15-fd0019TU,Core i3,Windows 11 Home,512 GB,8 GB,39.62 cm (15.6 Inch),No,"₹47,119"
CHUWI,CoreBook X,Core i5,Windows 11 Home,1 TB,16 GB,35.56 cm (14 inch),No,"₹32,990"
CHUWI,CoreBook X,Core i3,Windows 11 Home,512 GB,8 GB,35.56 cm (14 inch),No,"₹24,990"
ASUS,FX507ZC4-HN116W,Core i5,Windows 11 Home,2 TB,16 GB,39.62 cm (15.6 Inch),No,"₹85,990"
DELL,Inspiron 3505,Ryzen 3 Dual Core,Windows 10,1 TB,8 GB,39.62 cm (15.6 inch),No,"₹35,855"
ASUS,K3605ZC-MBN542WS,Core i5,Windows 11 Home,512 GB,16 GB,40.64 cm (16 Inch),No,"₹69,990"
HP,15-eg2017TU,Core i3,Windows 11 Home,512 GB,8 GB,39.62 cm (15.6 Inch),No,"₹52,250"
CHUWI,FreeBook,Core i3,Windows 11 Home,512 GB,12 GB,34.29 cm (13.5 inch),Yes,"₹33,990"
HP,15s-fq5007TU,Core i3,Windows 11 Home,512 GB,8 GB,39.62 cm (15.6 Inch),No,"₹38,990"
MSI,Thin GF63 12VE-664IN,Core i7,Windows 11 Home,2 TB,16 GB,39.62 cm (15.6 Inch),No,"₹90,990"
ASUS,X515JA-BQ322WS,Core i3,Windows 11 Home,512 GB,8 GB,39.62 cm (15.6 inch),No,"₹33,990"
HP,15s-fy5003TU,Core i3,Windows 11 Home,512 GB,8 GB,39.62 cm (15.6 Inch),No,"₹37,990"
HP,15s- fr4000TU,Core i5,Windows 11 Home,512 GB,8 GB,39.62 cm (15.6 Inch),No,"₹46,990"
ASUS,Vivobook 15 X1504ZA,Core i5,Windows 11 Home,512 GB,8 GB,39.62 cm (15.6 inch),Yes,"₹47,990"
HP,15s FR2508TU,Core i3,Windows 11 Home,512 GB,8 GB,39.62 cm (15.6 inch),Yes,"₹38,500"
Infinix,Inbook,Core i5,Windows 11 Home,512 GB,16 GB,35.56 cm (14 inch),No,"₹34,990"
DELL,Inspiron 3520,Core i3,Windows 11 Home,512 GB,8 GB,39.62 cm (15.6 Inch),No,"₹42,000"
HP,15s- fr5011TU,Core i5,Windows 11 Home,512 GB,16 GB,39.62 cm (15.6 inch),No,"₹53,990"
HP,15s-fy5002TU,Core i5,Windows 11 Home,512 GB,8 GB,39.62 cm (15.6 Inch),No,"₹49,990"
HP,XD0007ax,Ryzen 7 Octa Core,Windows 11 Home,1 TB,16 GB,40.89 cm (16.1 Inch),No,"₹1,10,990"
HP,16-wd0880TX,Core i5,Windows 11 Home,512 GB,16 GB,40.89 cm (16.1 Inch),No,"₹94,990"
HP,14-dv2153TU,Core i5,Windows 11 Home,1 TB,16 GB,35.56 cm (14 inch),No,"₹66,999"
HP,14-EC1019AU,Ryzen 5 Hexa Core,Windows 11 Home,512 GB,16 GB,35.56 cm (14 inch),No,"₹54,990"
Infinix,XL25,Core i3,Windows 11 Home,256 GB,8 GB,39.62 cm (15.6 Inch),No,"₹29,990"
ASUS,CM3000DVA-HT0038,MediaTek Kompanio 500,Chrome,128 GB,4 GB,26.67 cm (10.5 inch),Yes,"₹22,990"
MSI,Titan GT77HX 13VH-093IN,Core i9,Windows 11 Home,6 TB,64 GB,43.94 cm (17.3 Inch),No,"₹4,89,990"
ASUS,X1502ZA-EJ331WS,Core i3,Windows 11 Home,512 GB,8 GB,39.62 cm (15.6 inch),No,"₹45,990"
HP,15s-fy5003TU,Core i3,Windows 11 Home,512 GB,8 GB,39.62 cm (15.6 Inch),No,"₹37,990"
HP,15s- fr4000TU,Core i5,Windows 11 Home,512 GB,8 GB,39.62 cm (15.6 Inch),No,"₹46,990"
ASUS,K513EA-L312WS,Core i3,Windows 11 Home,512 GB,8 GB,39.62 cm (15.6 inch),No,"₹45,500"
ASUS,X515EA-EJ522WS,Core i5,Windows 11 Home,512 GB,8 GB,39.62 cm (15.6 Inch),No,"₹45,116"
HP,15s-fq5007TU,Core i3,Windows 11 Home,512 GB,8 GB,39.62 cm (15.6 Inch),No,"₹38,990"
HP,15s- fr5011TU,Core i5,Windows 11 Home,512 GB,16 GB,39.62 cm (15.6 inch),No,"₹53,990"
Lenovo,15IAU7,Core i3,Windows 11 Home,256 GB,8 GB,39.62 cm (15.6 Inch),No,"₹32,490"
Lenovo,V15 G4,Ryzen 3 Quad Core,DOS,512 GB,8 GB,39.62 cm (15.6 Inch),No,"₹27,990"
SAMSUNG,Galaxy Book3 Pro 360,Core i7,Windows 11 Home,512 GB,16 GB,40.64 cm (16 Inch),Yes,"₹1,53,990"
DELL,Vostro 3425,Ryzen 5 Hexa Core,Windows 11 Home,512 GB,8 GB,35.56 cm (14 Inch),No,"₹38,990"
HP,14-dv2153TU,Core i5,Windows 11 Home,1 TB,16 GB,35.56 cm (14 inch),No,"₹66,999"
HP,15s-fy5002TU,Core i5,Windows 11 Home,512 GB,8 GB,39.62 cm (15.6 Inch),No,"₹49,990"
Acer,A515-56,Core i5,Windows 11 Home,512 GB,8 GB,39.62 cm (15.6 inch),No,"₹48,990"
Acer,Aspire Lite,Core i5,Windows 11 Home,512 GB,8 GB,39.62 cm (15.6 inch),Yes,"₹39,349"
ASUS,G513RC-HN061W,Ryzen 7 Octa Core,Windows 11 Home,512 GB,16 GB,39.62 cm (15.6 Inch),No,"₹77,990"
HP,14-EC1019AU,Ryzen 5 Hexa Core,Windows 11 Home,512 GB,16 GB,35.56 cm (14 inch),No,"₹54,990"
Lenovo,14M868,MediaTek Kompanio 520,Chrome,128 GB,8 GB,35.56 cm (14 inch),No,"₹20,990"
HP,Pavilion x360 2-in-1,Core i7,Windows 11 Home,512 GB,16 GB,35.56 cm (14 inch),Yes,"₹89,990"
HP,14-dv2053TU,Core i5,Windows 11 Home,512 GB,8 GB,35.56 cm (14 Inch),No,"₹60,990"
Lenovo,V15 G2 ALC,Ryzen 3 Quad Core,Windows 11 Home,512 GB,8 GB,39.62 cm (15.6 inch),No,"₹33,999"
HP,15s-fq5007TU,Core i3,Windows 11 Home,512 GB,8 GB,39.62 cm (15.6 Inch),No,"₹38,990"
HP,15s-fy5003TU,Core i3,Windows 11 Home,512 GB,8 GB,39.62 cm (15.6 Inch),No,"₹37,990"
ASUS,E1404FA-NK322WS,Ryzen 3 Quad Core,Windows 11 Home,512 GB,8 GB,35.56 cm (14 Inch),No,"₹34,490"
Infinix,Inbook,Core i7,Windows 11 Home,512 GB,16 GB,35.56 cm (14 inch),No,"₹48,990"
HP,15s- fr4000TU,Core i5,Windows 11 Home,512 GB,8 GB,39.62 cm (15.6 Inch),No,"₹46,990"
HP,15s- fr5011TU,Core i5,Windows 11 Home,512 GB,16 GB,39.62 cm (15.6 inch),No,"₹53,990"
DELL,Inspiron 3505,Ryzen 3 Dual Core,Windows 10,1 TB,8 GB,39.62 cm (15.6 inch),No,"₹35,855"
HP,14s,Ryzen 5 Hexa Core,Windows 10 Home,512 GB,8 GB,35.56 cm (14 Inch),No,"₹53,200"
DELL,Vostro 3425,Ryzen 5 Hexa Core,Windows 11 Home,512 GB,16 GB,35.56 cm (14 Inch),No,"₹50,990"
HP,15s-fq2717TU,Core i3,Windows 11 Home,2 TB,8 GB,39.62 cm (15.6 Inch),No,"₹37,490"
HP,14-dv2153TU,Core i5,Windows 11 Home,1 TB,16 GB,35.56 cm (14 inch),No,"₹66,999"
HP,15s-fy5002TU,Core i5,Windows 11 Home,512 GB,8 GB,39.62 cm (15.6 Inch),No,"₹49,990"
Acer,Swift Go 14,Ryzen 5 Hexa Core,Windows 11 Home,512 GB,8 GB,35.56 cm (14 Inch),No,"₹54,990"
HP,15s-fq5112TU,Core i5,Windows 11 Home,512 GB,16 GB,39.62 cm (15.6 inch),No,"₹57,990"
ASUS,G513RC-HN061W,Ryzen 7 Octa Core,Windows 11 Home,512 GB,16 GB,39.62 cm (15.6 Inch),No,"₹77,990"
HP,14-EC1019AU,Ryzen 5 Hexa Core,Windows 11 Home,512 GB,16 GB,35.56 cm (14 inch),No,"₹54,990"
ASUS,X515EA-EZ311WS,Core i3,Windows 11 Home,NA,8 GB,39.62 cm (15.6 Inch),Yes,"₹38,990"
MSI,Katana 15 B12UDXK-1006IN,Core i5,Windows 11 Home,4 TB,8 GB,39.62 cm (15.6 Inch),No,"₹72,990"
HP,XD0007ax,Ryzen 7 Octa Core,Windows 11 Home,1 TB,16 GB,40.89 cm (16.1 Inch),No,"₹1,10,990"
HP,15-eg3079TU,Core i5,Windows 11 Home,512 GB,16 GB,39.62 cm (15.6 Inch),No,"₹66,990"
HP,15s-fq5202TU,Core i5,Windows 11 Home,512 GB,8 GB,39.62 cm (15.6 inch),No,"₹53,990"
Lenovo,14ITL6,Core i3,Windows 11 Home,512 GB,8 GB,35.56 cm (14 Inch),No,"₹34,990"
DELL,G15-5525,Ryzen 7 Octa Core,Windows 11 Home,512 GB,16 GB,96.52 cm (38 cm),No,"₹93,003"
CHUWI,CoreBook X,Core i5,Windows 11 Home,1 TB,16 GB,35.56 cm (14 inch),No,"₹32,990"
HP,15s-fq5007TU,Core i3,Windows 11 Home,512 GB,8 GB,39.62 cm (15.6 Inch),No,"₹38,990"
HP,Pavilion,Core i5,Windows 11 Home,512 GB,16 GB,35.56 cm (14 inch),Yes,"₹65,499"
DELL,Inspiron 5430,Core i5,Windows 11 Home,1 TB,8 GB,35.56 cm (14 inch),Yes,"₹67,890"
DELL,Inspiron 3520,Core i3,Windows 11 Home,512 GB,8 GB,39.62 cm (15.6 Inch),No,"₹37,886"
DELL,VOSTRO,Core i5,Windows 11 Home,512 GB,8 GB,35.56 cm (14 inch),Yes,"₹54,490"
HP,15s-fy5003TU,Core i3,Windows 11 Home,512 GB,8 GB,39.62 cm (15.6 Inch),No,"₹37,990"
HP,15s- fr4000TU,Core i5,Windows 11 Home,512 GB,8 GB,39.62 cm (15.6 Inch),No,"₹46,990"
ASUS,X515JA-BQ322WS,Core i3,Windows 11 Home,512 GB,8 GB,39.62 cm (15.6 inch),No,"₹33,990"
Acer,A515-56,Core i5,Windows 11 Home,512 GB,8 GB,39.62 cm (15.6 inch),No,"₹48,990"
HP,15s- fr5011TU,Core i5,Windows 11 Home,512 GB,16 GB,39.62 cm (15.6 inch),No,"₹53,990"
HP,15s-fy5002TU,Core i5,Windows 11 Home,512 GB,8 GB,39.62 cm (15.6 Inch),No,"₹49,990"
HP,Pavilion x360 2-in-1,Core i7,Windows 11 Home,512 GB,16 GB,35.56 cm (14 inch),Yes,"₹89,990"
DELL,Inspiron 3511,Core i3,Windows 11 Home,1 TB,8 GB,96.52 cm (38 cm),No,"₹38,499"
ASUS,RC71L-NH001W,Ryzen Z1 Octa Core,Windows 11 Home,512 GB,16 GB,17.78 cm (7 Inch),Yes,"₹59,990"
Acer,Nitro,Ryzen 5 Hexa Core,Windows 10 Home,1 TB,8 GB,39.62 cm (15.6 Inch),No,"₹62,990"
HP,14-dv2153TU,Core i5,Windows 11 Home,1 TB,16 GB,35.56 cm (14 inch),No,"₹66,999"
HP,14-EC1019AU,Ryzen 5 Hexa Core,Windows 11 Home,512 GB,16 GB,35.56 cm (14 inch),No,"₹54,990"
HP,15s-du3517TU,Core i5,Windows 11 Home,512 GB,8 GB,39.62 cm (15.6 inch),No,"₹49,749"
ASUS,CX1500CKA-EJ0277,Celeron Dual Core,Chrome,128 GB,4 GB,39.62 cm (15.6 Inch),No,"₹16,990"
ASUS,G513RC-HN061W,Ryzen 7 Octa Core,Windows 11 Home,512 GB,16 GB,39.62 cm (15.6 Inch),No,"₹77,990"
HP,15-eg3079TU,Core i5,Windows 11 Home,512 GB,16 GB,39.62 cm (15.6 Inch),No,"₹66,990"
ASUS,X1404VA-NK542WS,Core i5,Windows 11 Home,512 GB,16 GB,35.56 cm (14 Inch),No,"₹59,990"
Lenovo,15APH8,Ryzen 7 Octa Core,Windows 11 Home,512 GB,16 GB,39.62 cm (15.6 Inch),No,"₹83,990"
Lenovo,15ACH6,Ryzen 5 Hexa Core,Windows 11 Home,512 GB,8 GB,39.62 cm (15.6 inch),No,"₹52,890"
DELL,Inspiron 15 3511,Core i5,Windows 11 Home,512 GB,8 GB,39.62 cm (15.6 inch),Yes,"₹45,990"
HP,15s- fr5011TU,Core i5,Windows 11 Home,512 GB,16 GB,39.62 cm (15.6 inch),No,"₹53,990"
HP,15s-fy5003TU,Core i3,Windows 11 Home,512 GB,8 GB,39.62 cm (15.6 Inch),No,"₹37,990"
MSI,Raider GE66 12UGS,Core i7,Windows 11 Home,1 TB,16 GB,39.62 cm (15.6 inch),No,"₹1,47,743"
Acer,CB314-3H,Celeron Dual Core,Chrome,128 GB,8 GB,35.56 cm (14 inch),No,"₹23,990"
HP,15s- fr4000TU,Core i5,Windows 11 Home,512 GB,8 GB,39.62 cm (15.6 Inch),No,"₹46,990"
HP,15s-fq5007TU,Core i3,Windows 11 Home,512 GB,8 GB,39.62 cm (15.6 Inch),No,"₹38,990"
ASUS,FX507VU-LP083WS,Core i7,Windows 11 Home,512 GB,16 GB,39.62 cm (15.6 Inch),No,"₹1,19,990"
Infinix,XL30,Celeron Quad Core,Windows 11 Home,128 GB,4 GB,39.62 cm (15.6 Inch),No,"₹20,990"
ASUS,FX506LHB-HN355W | FX506LH-HN258W,Core i5,Windows 11 Home,512 GB,8 GB,39.62 cm (15.6 inch),No,"₹49,990"
HP,Pavilion 15-EH3101AU,Ryzen 7 Octa Core,Windows 11 Home,512 GB,16 GB,39.62 cm (15.6 inch),Yes,"₹64,600"
HP,15s-fy5002TU,Core i5,Windows 11 Home,512 GB,8 GB,39.62 cm (15.6 Inch),No,"₹49,990"
HP,14-dv2153TU,Core i5,Windows 11 Home,1 TB,16 GB,35.56 cm (14 inch),No,"₹66,999"
GIGABYTE,G5 MF-E2IN313SH,Core i5,Windows 11 Home,512 GB,16 GB,39.62 cm (15.6 Inch),No,"₹72,990"
Lenovo,15ITL6,Core i3,Windows 11 Home,256 GB,8 GB,39.62 cm (15.6 Inch),No,"₹34,490"
HP,14-EC1019AU,Ryzen 5 Hexa Core,Windows 11 Home,512 GB,16 GB,35.56 cm (14 inch),No,"₹54,990"
ASUS,G513RC-HN061W,Ryzen 7 Octa Core,Windows 11 Home,512 GB,16 GB,39.62 cm (15.6 Inch),No,"₹77,990"
ASUS,X1500EA,Core i3,Windows 11 Home,512 GB,8 GB,39.62 cm (15.6 inch),No,"₹37,990"
ASUS,GZ301ZE-LC193WS,Core i9,Windows 11 Home,1 TB,16 GB,34.04 cm (13.4 Inch),Yes,"₹1,99,990"
MSI,GF63 Thin 11SC-1493IN,Core i5,Windows 11 Home,4 TB,16 GB,39.62 cm (15.6 Inch),No,"₹48,990"
Lenovo,16ARH7H,Ryzen 7 Octa Core,Windows 11 Home,1 TB,16 GB,40.64 cm (16 Inch),No,"₹1,09,990"
HP,15-eg3079TU,Core i5,Windows 11 Home,512 GB,16 GB,39.62 cm (15.6 Inch),No,"₹66,990"
HP,15s-fq5202TU,Core i5,Windows 11 Home,512 GB,8 GB,39.62 cm (15.6 inch),No,"₹53,990"
Lenovo,Ideapad 5 14ABR8,Ryzen 5 Hexa Core,Windows 11 Home,512 GB,16 GB,35.56 cm (14 inch),No,"₹66,388"
Acer,A715-51G,Core i5,Windows 11 Home,512 GB,8 GB,39.62 cm (15.6 Inch),No,"₹58,500"
HP,15s-fq5007TU,Core i3,Windows 11 Home,512 GB,8 GB,39.62 cm (15.6 Inch),No,"₹38,990"
HP,15s-fy5003TU,Core i3,Windows 11 Home,512 GB,8 GB,39.62 cm (15.6 Inch),No,"₹37,990"
realme,Book Prime,Core i5,Windows 11 Home,512 GB,16 GB,35.56 cm (14 inch),No,"₹56,999"
HP,15-fh0015AU,Ryzen 5 Hexa Core,Windows 11 Home,512 GB,16 GB,39.62 cm (15.6 Inch),Yes,"₹78,890"
Lenovo,ThinkBook 15 Gen 2,Core i5,Windows 10 Home,1 TB,16 GB,38.1 cm (15 inch),No,"₹58,890"
HP,15s-eq2132au,Ryzen 5 Hexa Core,Windows 11 Home,512 GB,16 GB,39.62 cm (15.6 inch),No,"₹46,150"
HP,15s- fr4000TU,Core i5,Windows 11 Home,512 GB,8 GB,39.62 cm (15.6 Inch),No,"₹46,990"
HP,15s- fr5011TU,Core i5,Windows 11 Home,512 GB,16 GB,39.62 cm (15.6 inch),No,"₹53,990"
ASUS,K3405ZF-LY542WS,Core i5,Windows 11 Home,512 GB,16 GB,35.56 cm (14 Inch),No,"₹64,990"
ASUS,FX506LHB-HN355W | FX506LH-HN258W,Core i5,Windows 11 Home,512 GB,8 GB,39.62 cm (15.6 inch),No,"₹49,990"
HP,14-dv2153TU,Core i5,Windows 11 Home,1 TB,16 GB,35.56 cm (14 inch),No,"₹66,999"
HP,15s-fy5002TU,Core i5,Windows 11 Home,512 GB,8 GB,39.62 cm (15.6 Inch),No,"₹49,990"
ASUS,G533ZXZ-LN116WS,Core i9,Windows 11 Home,1 TB,32 GB,39.62 cm (15.6 Inch),No,"₹1,79,990"
MSI,Modern 14 C13M-435IN,Core i7,Windows 11 Home,512 GB,16 GB,35.56 cm (14 Inch),No,"₹64,990"
ASUS,G614JU-N3221WS,Core i5,Windows 11 Home,1 TB,16 GB,40.64 cm (16 Inch),No,"₹1,44,990"
Acer,A715-76G,Core i5,Windows 11 Home,512 GB,16 GB,39.62 cm (15.6 Inch),No,"₹54,990"
ASUS,G513RC-HN061W,Ryzen 7 Octa Core,Windows 11 Home,512 GB,16 GB,39.62 cm (15.6 Inch),No,"₹77,990"
HP,14-EC1019AU,Ryzen 5 Hexa Core,Windows 11 Home,512 GB,16 GB,35.56 cm (14 inch),No,"₹54,990"
SAMSUNG,Galaxy Book3 Pro,Core i7,Windows 11 Home,512 GB,16 GB,35.56 cm (14 Inch),No,"₹1,24,990"
GIGABYTE,G5 MF-E2IN313SH,Core i5,Windows 11 Home,512 GB,16 GB,39.62 cm (15.6 Inch),No,"₹72,990"
HP,15-eg3079TU,Core i5,Windows 11 Home,512 GB,16 GB,39.62 cm (15.6 Inch),No,"₹66,990"
HP,15s-fq5202TU,Core i5,Windows 11 Home,512 GB,8 GB,39.62 cm (15.6 inch),No,"₹53,990"
WINGS,WL-Nuvobook S2-SLV,Core i3,Windows 11 Home,512 GB,8 GB,39.62 cm (15.6 Inch),No,"₹25,990"
HP,15-eg2091T,Core i5,Windows 11 Home,512 GB,16 GB,39.62 cm (15.6 Inch),No,"₹74,900"
Infinix,XL30,Celeron Quad Core,Windows 11 Home,128 GB,4 GB,39.62 cm (15.6 Inch),No,"₹20,990"
ASUS,M1603QA-MB511WS,Ryzen 5 Hexa Core,Windows 11 Home,512 GB,16 GB,40.64 cm (16 inch),No,"₹53,890"
HP,15s-fy5003TU,Core i3,Windows 11 Home,512 GB,8 GB,39.62 cm (15.6 Inch),No,"₹37,990"
HP,14-dy1013TU,Core i7,Windows 11 Home,512 GB,16 GB,35.56 cm (14 inch),Yes,"₹85,999"
HP,15s- fr4000TU,Core i5,Windows 11 Home,512 GB,8 GB,39.62 cm (15.6 Inch),No,"₹46,990"
HP,15s- fr5011TU,Core i5,Windows 11 Home,512 GB,16 GB,39.62 cm (15.6 inch),No,"₹53,990"
Lenovo,15IHU6,Core i5,Windows 11 Home,512 GB,8 GB,39.62 cm (15.6 Inch),No,"₹47,990"
GIGABYTE,G5 GE-51IN263SH,Core i5,Windows 11 Home,512 GB,8 GB,39.62 cm (15.6 inch),No,"₹57,990"
HP,15s-fy5003TU,Core i3,Windows 11 Home,512 GB,8 GB,39.62 cm (15.6 Inch),No,"₹37,990"
HP,Pavilion x360,Core i5,Windows 11 Home,512 GB,16 GB,35.56 cm (14 inch),Yes,"₹78,468"
Infinix,INBook X1,Core i3,Windows 11 Home,256 GB,8 GB,35.56 cm (14 inch),No,"₹37,999"
HP,15-fa1060TX,Core i5,Windows 11 Home,512 GB,16 GB,39.62 cm (15.6 Inch),Yes,"₹99,999"
HP,ef2033TU,Core i7,Windows 11 Home,1 TB,16 GB,34.29 cm (13.5 Inch),Yes,"₹1,38,490"
HP,15s- fr4000TU,Core i5,Windows 11 Home,512 GB,8 GB,39.62 cm (15.6 Inch),No,"₹46,990"
HP,15s- fr5011TU,Core i5,Windows 11 Home,512 GB,16 GB,39.62 cm (15.6 inch),No,"₹53,990"
Lenovo,IdeaPad Slim 3i,Core i3,Windows 11 Home,512 GB,8 GB,39.62 cm (15.6 inch),Yes,"₹44,400"
HP,14-dv2153TU,Core i5,Windows 11 Home,1 TB,16 GB,35.56 cm (14 inch),No,"₹66,999"
HP,15s-fy5002TU,Core i5,Windows 11 Home,512 GB,8 GB,39.62 cm (15.6 Inch),No,"₹49,990"
ASUS,M6500QFB-LK741WS,Ryzen 7 Octa Core,Windows 11 Home,512 GB,16 GB,39.62 cm (15.6 Inch),No,"₹67,990"
Lenovo,s14,Core i5,Windows 11 Home,512 GB,8 GB,35.56 cm (14 inch),Yes,"₹46,980"
Acer,Aspire 3,Core i3,Windows 11 Home,512 GB,8 GB,39.62 cm (15.6 inch),No,"₹36,990"
HP,255 G8,Athlon Dual Core,Windows 11 Home,256 GB,8 GB,39.62 cm (15.6 inch),Yes,"₹24,399"
ASUS,G513RC-HN061W,Ryzen 7 Octa Core,Windows 11 Home,512 GB,16 GB,39.62 cm (15.6 Inch),No,"₹77,990"
HP,14-EC1019AU,Ryzen 5 Hexa Core,Windows 11 Home,512 GB,16 GB,35.56 cm (14 inch),No,"₹54,990"
MSI,Summit E16 Flip A13VET-068IN NVIDIA GeForce RTX 4050,Core i7,Windows 11 Home,1 TB,32 GB,40.64 cm (16 Inch),Yes,"₹1,59,990"
ASUS,X415EA-EK326WS,Core i3,Windows 11 Home,2 TB,8 GB,35.56 cm (14 Inch),No,"₹32,500"
HP,15-eg3079TU,Core i5,Windows 11 Home,512 GB,16 GB,39.62 cm (15.6 Inch),No,"₹66,990"
HP,15s-fq5202TU,Core i5,Windows 11 Home,512 GB,8 GB,39.62 cm (15.6 inch),No,"₹53,990"
Infinix,XL28,Core i5,Windows 11 Home,512 GB,8 GB,39.62 cm (15.6 inch),No,"₹29,990"
Acer,AN515-47,Ryzen 7 Octa Core,Windows 11 Home,512 GB,16 GB,39.62 cm (15.6 Inch),No,"₹77,790"
HP,Victus,Ryzen 7 Octa Core,Windows 11 Home,512 GB,8 GB,38.1 cm (15 inch),Yes,"₹61,400"
Infinix,XL21,Core i7,Windows 11 Home,512 GB,16 GB,35.56 cm (14 Inch),No,"₹54,990"
HP,15s-fq5007TU,Core i3,Windows 11 Home,512 GB,8 GB,39.62 cm (15.6 Inch),No,"₹38,990"
HP,15s-fy5003TU,Core i3,Windows 11 Home,512 GB,8 GB,39.62 cm (15.6 Inch),No,"₹37,990"
HP,HP 240 G8 (689U2PA),Core i3,Windows 11 Pro,512 GB,8 GB,35.56 cm (14 inch),Yes,"₹34,490"
ASUS,KM513UA-L713WS,Ryzen 7 Octa Core,Windows 11 Home,512 GB,16 GB,39.62 cm (15.6 Inch),No,"₹63,990"
HP,15s- fr4000TU,Core i5,Windows 11 Home,512 GB,8 GB,39.62 cm (15.6 Inch),No,"₹46,990"
HP,15s- fr5011TU,Core i5,Windows 11 Home,512 GB,16 GB,39.62 cm (15.6 inch),No,"₹53,990"
MICROSOFT,QEZ-00065,Core i5,Windows 11 Home,256 GB,8 GB,33.02 cm (13 inch),Yes,"₹1,13,990"
HP,EG2002TU,Core i5,Windows 11 Home,512 GB,16 GB,39.62 cm (15.6 inch),No,"₹68,400"
HP,15-fd0022TU,Core i5,Windows 11 Home,512 GB,8 GB,39.62 cm (15.6 Inch),No,"₹60,490"
HP,14-dv2153TU,Core i5,Windows 11 Home,1 TB,16 GB,35.56 cm (14 inch),No,"₹66,999"
HP,15s-fy5002TU,Core i5,Windows 11 Home,512 GB,8 GB,39.62 cm (15.6 Inch),No,"₹49,990"
Lenovo,IdeaPad Slim 5i,Core i5,Windows 11 Home,512 GB,16 GB,40.64 cm (16 inch),No,"₹69,990"
DELL,G15-5525,Ryzen 7 Octa Core,Windows 11 Home,512 GB,16 GB,39.62 cm (15.6 Inch),No,"₹93,831"
ASUS,G513RC-HN061W,Ryzen 7 Octa Core,Windows 11 Home,512 GB,16 GB,39.62 cm (15.6 Inch),No,"₹77,990"
HP,14-EC1019AU,Ryzen 5 Hexa Core,Windows 11 Home,512 GB,16 GB,35.56 cm (14 inch),No,"₹54,990"
MSI,Summit E16 Flip A13VET-068IN NVIDIA GeForce RTX 4050,Core i7,Windows 11 Home,1 TB,32 GB,40.64 cm (16 Inch),Yes,"₹1,59,990"
DELL,Inspiron 3521,Pentium Silver,Windows 11 Home,256 GB,8 GB,39.62 cm (15.6 Inch),No,"₹32,990"
HP,15s FR2508TU,Core i3,Windows 11 Home,512 GB,8 GB,39.62 cm (15.6 inch),Yes,"₹38,500"
Infinix,XL28,Core i5,Windows 11 Home,512 GB,8 GB,39.62 cm (15.6 inch),No,"₹29,990"
HP,15-eg3079TU,Core i5,Windows 11 Home,512 GB,16 GB,39.62 cm (15.6 Inch),No,"₹66,990"
HP,15s-fq5202TU,Core i5,Windows 11 Home,512 GB,8 GB,39.62 cm (15.6 inch),No,"₹53,990"
HP,15s-fq5013nia,Core i5,Windows 11 Home,512 GB,8 GB,39.62 cm (15.6 inch),No,"₹57,990"
DELL,Inspiron 13 7000,Core i5,Windows 10 Home,256 GB,8 GB,33.78 cm (13.3 inch),Yes,"₹70,290"
HP,15s-fq5007TU,Core i3,Windows 11 Home,512 GB,8 GB,39.62 cm (15.6 Inch),No,"₹38,990"
HP,15s-fy5003TU,Core i3,Windows 11 Home,512 GB,8 GB,39.62 cm (15.6 Inch),No,"₹37,990"
ASUS,KM513UA-L512WS,Ryzen 5 Hexa Core,Windows 11 Home,512 GB,16 GB,39.62 cm (15.6 Inch),No,"₹58,990"
SAMSUNG,Galaxy Book3 360,Core i7,Windows 11 Home,1 TB,16 GB,33.78 cm (13.3 Inch),Yes,"₹1,33,990"
ASUS,Vivobook Pro 15 Creator,Ryzen 5,Windows 11 Home,512 GB,16 GB,39.62 cm (15.6 inch),Yes,"₹60,943"
ASUS,CX1400FKA-EC0158,Celeron Dual Core,Chrome,64 GB,4 GB,35.56 cm (14 Inch),Yes,"₹25,751"
HP,15s- fr4000TU,Core i5,Windows 11 Home,512 GB,8 GB,39.62 cm (15.6 Inch),No,"₹46,990"
HP,15s- fr5011TU,Core i5,Windows 11 Home,512 GB,16 GB,39.62 cm (15.6 inch),No,"₹53,990"
Acer,Aspire 5 Gaming,Core i5,Windows 11 Home,512 GB,8 GB,39.62 cm (15.6 inch),No,"₹54,990"
HP,15s-dy3501TU,Core i3,Windows 11 Home,512 GB,8 GB,39.62 cm (15.6 inch),No,"₹45,899"
HP,15s- fr4000TU,Core i5,Windows 11 Home,512 GB,8 GB,39.62 cm (15.6 Inch),No,"₹46,990"
Acer,Swift Go 14,Ryzen 5 Hexa Core,Windows 11 Home,512 GB,8 GB,35.56 cm (14 Inch),No,"₹47,990"
Acer,AN515-57,Core i5,Windows 11 Home,512 GB,8 GB,39.62 cm (15.6 inch),No,"₹69,990"
HP,15s-fq5007TU,Core i3,Windows 11 Home,512 GB,8 GB,39.62 cm (15.6 Inch),No,"₹38,990"
HP,15s- fr5011TU,Core i5,Windows 11 Home,512 GB,16 GB,39.62 cm (15.6 inch),No,"₹53,990"
HP,15s- eq2213AU,Ryzen 3 Quad Core,Windows 11 Home,512 GB,8 GB,39.62 cm (15.6 Inch),No,"₹36,990"
ASUS,UM3402YA-KM541WS,Ryzen 5 Hexa Core,Windows 11 Home,512 GB,16 GB,35.56 cm (14 Inch),No,"₹69,990"
Lenovo,E41-55,Athlon Dual Core,DOS,NA,4 GB,35.56 cm (14 Inch),No,"₹20,990"
HP,245 G8,Ryzen 5 Quad Core,Windows 11 Home,512 GB,8 GB,35.56 cm (14 Inch),Yes,"₹41,000"
HP,15s-fy5002TU,Core i5,Windows 11 Home,512 GB,8 GB,39.62 cm (15.6 Inch),No,"₹49,990"
ASUS,TUF GAMING F15,Core i5,Windows 11 Home,1 TB,8 GB,39.62 cm (15.6 inch),Yes,"₹55,990"
ASUS,X515EA-EJ701WS,Core i7,Windows 11 Home,512 GB,16 GB,39.62 cm (15.6 inch),No,"₹59,990"
ASUS,G513RC-HN061W,Ryzen 7 Octa Core,Windows 11 Home,512 GB,16 GB,39.62 cm (15.6 Inch),No,"₹77,990"
HP,14-EC1019AU,Ryzen 5 Hexa Core,Windows 11 Home,512 GB,16 GB,35.56 cm (14 inch),No,"₹54,990"
DELL,Latitude 3420,Core i5,Ubuntu,512 GB,8 GB,35.56 cm (14 inch),Yes,"₹44,490"
Infinix,XL30,Celeron Quad Core,Windows 11 Home,128 GB,4 GB,39.62 cm (15.6 Inch),No,"₹20,990"
Lenovo,16APH8,Ryzen 7 Octa Core,Windows 11 Home,512 GB,16 GB,40.64 cm (16 inch),No,"₹1,13,990"
ASUS,M6500QC-HN542WS,Ryzen 5 Hexa Core,Windows 11 Home,512 GB,16 GB,39.62 cm (15.6 inch),No,"₹71,000"
HP,15-eg3079TU,Core i5,Windows 11 Home,512 GB,16 GB,39.62 cm (15.6 Inch),No,"₹66,990"
HP,15s-fq5202TU,Core i5,Windows 11 Home,512 GB,8 GB,39.62 cm (15.6 inch),No,"₹53,990"
DELL,Gaming 5530,Core i5,Windows 11 Home,512 GB,16 GB,39.62 cm (15.6 Inch),No,"₹89,649"
Acer,Aspire 7,Ryzen 5 Hexa Core,Windows 11 Home,512 GB,8 GB,39.62 cm (15.6 inch),No,"₹47,750"
HP,15s-fq5007TU,Core i3,Windows 11 Home,512 GB,8 GB,39.62 cm (15.6 Inch),No,"₹38,990"
HP,15s-fy5003TU,Core i3,Windows 11 Home,512 GB,8 GB,39.62 cm (15.6 Inch),No,"₹37,990"
ASUS,Vivobook S 14 Flip,Ryzen 5,Windows 11 Home,1 TB,16 GB,35.56 cm (14 inch),Yes,"₹65,391"
DELL,Latitude 3420,Core i3,Windows 10 Pro,256 GB,8 GB,35.56 cm (14 inch),Yes,"₹35,990"
DELL,Vostro 3425,Ryzen 3 Quad Core,Windows 11 Home,512 GB,8 GB,35.0 cm (13.78 inch),No,"₹38,198"
DELL,Alienware x17 R2,Core i7,Windows 11 Home,1 TB,32 GB,43.94 cm (17.3 Inch),No,"₹2,37,890"
HP,15s- fr4000TU,Core i5,Windows 11 Home,512 GB,8 GB,39.62 cm (15.6 Inch),No,"₹46,990"
HP,15s- fr5011TU,Core i5,Windows 11 Home,512 GB,16 GB,39.62 cm (15.6 inch),No,"₹53,990"
MSI,Raider GE78 HX 13VI-087IN,Core i9,Windows 11 Home,4 TB,64 GB,43.94 cm (17.3 Inch),No,"₹3,70,890"
HP,14s- dy2506TU,Core i3,Windows 11 Home,256 GB,8 GB,35.56 cm (14 inch),No,"₹36,690"
HP,14-dv2153TU,Core i5,Windows 11 Home,1 TB,16 GB,35.56 cm (14 inch),No,"₹66,999"
HP,15s-fy5002TU,Core i5,Windows 11 Home,512 GB,8 GB,39.62 cm (15.6 Inch),No,"₹49,990"
Lenovo,Ideapad 3,Core i7,Windows 11 Home,512 GB,16 GB,39.62 cm (15.6 inch),Yes,"₹59,390"
Acer,Aspire 5,Core i5,Windows 10 Home,1 TB,8 GB,39.62 cm (15.6 inch),No,"₹45,991"
DELL,XPS 13,Core i7,Windows 11 Home,512 GB,16 GB,34.04 cm (13.4 inch),Yes,"₹1,28,990"
MSI,CreatorPro M16 A12UIS,Core i7,Windows 11 Home,2 TB,16 GB,40.64 cm (16 inch),No,"₹96,867"
ASUS,G513RC-HN061W,Ryzen 7 Octa Core,Windows 11 Home,512 GB,16 GB,39.62 cm (15.6 Inch),No,"₹77,990"
HP,14-EC1019AU,Ryzen 5 Hexa Core,Windows 11 Home,512 GB,16 GB,35.56 cm (14 inch),No,"₹54,990"
HP,x360-bf0063TU,Core i7,Windows 11 Home,1 TB,16 GB,33.78 cm (13.3 Inch),Yes,"₹1,16,390"
ASUS,E510MA-EJ021WS,Celeron Dual Core,Windows 11 Home,512 GB,8 GB,39.62 cm (15.6 Inch),No,"₹27,990"
HP,15-eg3079TU,Core i5,Windows 11 Home,512 GB,16 GB,39.62 cm (15.6 Inch),No,"₹66,990"
HP,15s-fq5202TU,Core i5,Windows 11 Home,512 GB,8 GB,39.62 cm (15.6 inch),No,"₹53,990"
Apple,MK1A3HN/A,M1 Max,Mac OS Monterey,1 TB,32 GB,41.15 cm (16.2 inch),No,"₹3,09,490"
ASUS,K3405VCB-KM541WS,Ryzen 7 Octa Core,Windows 11 Home,512 GB,16 GB,39.62 cm (15.6 Inch),No,"₹64,990"
GIGABYTE,AORUS 15 BKF,Core i7,Windows 11 Pro,1 TB,16 GB,39.62 cm (15.6 Inch),No,"₹1,48,990"
HP,15-fa0188TX,Core i7,Windows 11 Home,512 GB,16 GB,39.62 cm (15.6 Inch),Yes,"₹81,990"
HP,15s-fq5007TU,Core i3,Windows 11 Home,512 GB,8 GB,39.62 cm (15.6 Inch),No,"₹38,990"
HP,15s-fy5003TU,Core i3,Windows 11 Home,512 GB,8 GB,39.62 cm (15.6 Inch),No,"₹37,990"
ASUS,Vivobook 17,Core i5,Windows 11 Home,512 GB,16 GB,43.94 cm (17.3 inch),No,"₹58,800"
HP,16-d0333TX,Core i5,Windows 11 Home,512 GB,16 GB,40.89 cm (16.1 Inch),No,"₹62,990"
HP,15s- fr4000TU,Core i5,Windows 11 Home,512 GB,8 GB,39.62 cm (15.6 Inch),No,"₹46,990"
HP,15s- fr5011TU,Core i5,Windows 11 Home,512 GB,16 GB,39.62 cm (15.6 inch),No,"₹53,990"
Apple,MPHG3HN/A,M2 Max,macOS Ventura,1 TB,32 GB,35.56 cm (14 Inch),No,"₹2,90,990"
DELL,Vostro 3420,Core i5,Windows 11 Home,512 GB,8 GB,35.56 cm (14 inch),No,"₹49,999"
DELL,Vostro,Core i5,Windows 10,512 GB,8 GB,35.56 cm (14 inch),No,"₹59,590"
HP,14-dv2153TU,Core i5,Windows 11 Home,1 TB,16 GB,35.56 cm (14 inch),No,"₹66,999"
Lenovo,ThinkBook 15 Gen 2,Core i5,Windows 10 Home,1 TB,16 GB,38.1 cm (15 inch),No,"₹58,890"
Lenovo,16ACH6H,Ryzen 7 Octa Core,Windows 11 Home,1 TB,16 GB,40.64 cm (16 inch),No,"₹1,04,990"
ASUS,G513RC-HN061W,Ryzen 7 Octa Core,Windows 11 Home,512 GB,16 GB,39.62 cm (15.6 Inch),No,"₹77,990"
HP,14-EC1019AU,Ryzen 5 Hexa Core,Windows 11 Home,512 GB,16 GB,35.56 cm (14 inch),No,"₹54,990"
HP,VICTUS 15-fb1002AX,Ryzen 5 Hexa Core,Windows 11 Home,512 GB,8 GB,39.62 cm (15.6 inch),Yes,"₹50,990"
ASUS,Vivobook,Ryzen 5 Quad Core,Windows 11 Home,2 TB,16 GB,39.62 cm (15.6 inch),No,"₹52,990"
ASUS,"Vivobook 16X	K3605VU",Core i5,Windows 11 Home,512 GB,16 GB,40.64 cm (16 inch),Yes,"₹90,990"
Lenovo,14IAU7,Core i3,Windows 11 Home,512 GB,8 GB,90.32 cm (35.56 cm),No,"₹35,880"
HP,15s-fq5202TU,Core i5,Windows 11 Home,512 GB,8 GB,39.62 cm (15.6 inch),No,"₹53,990"
HP,15-fa0188TX,Core i7,Windows 11 Home,512 GB,16 GB,39.62 cm (15.6 Inch),Yes,"₹81,990"
Acer,EX215-54,Core i3,Windows 11 Home,256 GB,4 GB,39.62 cm (15.6 inch),No,"₹29,500"
HP,15s- fr4000TU,Core i5,Windows 11 Home,512 GB,8 GB,39.62 cm (15.6 Inch),No,"₹46,990"
HP,14-dv2153TU,Core i5,Windows 11 Home,1 TB,16 GB,35.56 cm (14 inch),No,"₹66,999"
DELL,Vostro 3425,Ryzen 5 Hexa Core,Windows 11 Home,512 GB,16 GB,35.56 cm (14 Inch),No,"₹49,500"
ASUS,K3405VFB-KM541WS,Core i5,Windows 11 Home,512 GB,16 GB,35.56 cm (14 Inch),No,"₹82,990"
HP,245 G,Ryzen 3 Dual Core,DOS,512 GB,8 GB,35.56 cm (14 inch),No,"₹23,990"
HP,15-fd0012TU,Core i5,Windows 11 Home,1 TB,8 GB,39.62 cm (15.6 Inch),No,"₹66,247"
HP,15-eg3079TU,Core i5,Windows 11 Home,512 GB,16 GB,39.62 cm (15.6 Inch),No,"₹66,990"
HP,15s-fq5007TU,Core i3,Windows 11 Home,512 GB,8 GB,39.62 cm (15.6 Inch),No,"₹38,990"
DELL,Vostro 5620,Core i5,Windows 11 Home,512 GB,8 GB,40.64 cm (16 Inch),No,"₹63,990"
MSI,Bravo 15 B7ED-011IN,Ryzen 7 Octa Core,Windows 11 Home,512 GB,16 GB,39.62 cm (15.6 inch),No,"₹74,990"
HP,15s-fy5003TU,Core i3,Windows 11 Home,512 GB,8 GB,39.62 cm (15.6 Inch),No,"₹37,990"
HP,15s- fr5011TU,Core i5,Windows 11 Home,512 GB,16 GB,39.62 cm (15.6 inch),No,"₹53,990"
Lenovo,TB15 G4 IAP,Core i5,Windows 11 Pro,2 TB,16 GB,39.62 cm (15.6 Inch),No,"₹59,990"
MICROSOFT,QEZ-00048,Core i5,Windows 11 Home,256 GB,8 GB,33.02 cm (13 inch),Yes,"₹1,13,990"
DELL,Vostro 3525,Ryzen 5 Hexa Core,Windows 11 Home,512 GB,8 GB,39.62 cm (15.6 Inch),No,"₹39,990"
ASUS,K3605ZC-MBN752WS,Core i7,Windows 11 Home,1 TB,16 GB,40.64 cm (16 Inch),No,"₹87,990"
HP,15s-fy5002TU,Core i5,Windows 11 Home,512 GB,8 GB,39.62 cm (15.6 Inch),No,"₹49,990"
HP,14-EC1019AU,Ryzen 5 Hexa Core,Windows 11 Home,512 GB,16 GB,35.56 cm (14 inch),No,"₹54,990"
Lenovo,15IRH8,Core i7,Windows 11 Home,512 GB,16 GB,39.62 cm (15.6 Inch),No,"₹1,00,190"
Acer,Aspire 3,Core i3,Windows 10 Home,256 GB,4 GB,39.62 cm (15.6 inch),No,"₹31,990"
ASUS,G513RC-HN061W,Ryzen 7 Octa Core,Windows 11 Home,512 GB,16 GB,39.62 cm (15.6 Inch),No,"₹77,990"
HP,15s-fq5202TU,Core i5,Windows 11 Home,512 GB,8 GB,39.62 cm (15.6 inch),No,"₹53,990"
Lenovo,V14,Core i5,Windows 10,256 GB,8 GB,35.56 cm (14 inch),Yes,"₹41,000"
Acer,Aspire 3,Core i3,Windows 10 Home,256 GB,4 GB,39.62 cm (15.6 inch),No,"₹31,990"
HP,14-ec0033AU,Ryzen 5 Hexa Core,Windows 10 Home,512 GB,16 GB,35.56 cm (14 inch),No,"₹48,400"
DELL,Latitude 14,Core i7,Windows 11 Pro,512 GB,16 GB,35.56 cm (14 inch),No,"₹99,990"
Lenovo,15IRH8,Core i5,Windows 11 Home,512 GB,16 GB,39.62 cm (15.6 inch),No,"₹64,990"
Lenovo,15IRH8,Core i5,Windows 11 Home,512 GB,16 GB,39.62 cm (15.6 inch),No,"₹90,990"
HP,15s- eq2212AU,Ryzen 3 Quad Core,Windows 11 Home,512 GB,8 GB,39.62 cm (15.6 Inch),No,"₹37,750"
ASUS,FA577NU-LP082W,Ryzen 7 Octa Core,Windows 11 Home,512 GB,16 GB,39.62 cm (15.6 Inch),No,"₹94,990"
HP,15s-fq5007TU,Core i3,Windows 11 Home,512 GB,8 GB,39.62 cm (15.6 Inch),No,"₹38,990"
HP,15s-fy5003TU,Core i3,Windows 11 Home,512 GB,8 GB,39.62 cm (15.6 Inch),No,"₹37,990"
ASUS,Pro 15 OLED,Ryzen 7 Octa Core,Windows 11 Home,512 GB,16 GB,39.62 cm (15.6 inch),Yes,"₹74,990"
DELL,G15,Core i7,Windows 11 Home,512 GB,16 GB,39.62 cm (15.6 inch),No,"₹1,09,990"
Lenovo,ideapad 3,Core i5,Windows 11 Home,512 GB,16 GB,39.62 cm (15.6 inch),Yes,"₹48,990"
ASUS,X415KA-EK111WS,Pentium Silver,Windows 11 Home,256 GB,4 GB,35.56 cm (14 Inch),No,"₹26,890"
HP,15s- fr4000TU,Core i5,Windows 11 Home,512 GB,8 GB,39.62 cm (15.6 Inch),No,"₹46,990"
HP,15s- fr5011TU,Core i5,Windows 11 Home,512 GB,16 GB,39.62 cm (15.6 inch),No,"₹53,990"
HP,14s-dq2606tu,Core i3,Windows 11 Home,512 GB,8 GB,35.56 cm (14 Inch),No,"₹44,300"
HP,Omen,Ryzen 5 Hexa Core,Windows 10 Home,512 GB,8 GB,39.62 cm (15.6 inch),No,"₹56,999"
HP,15s-fy5002TU,Core i5,Windows 11 Home,512 GB,8 GB,39.62 cm (15.6 Inch),No,"₹49,990"
HP,14-dv2153TU,Core i5,Windows 11 Home,1 TB,16 GB,35.56 cm (14 inch),No,"₹66,999"
DELL,Vostro 3400,Core i5,Windows 11 Home,512 GB,8 GB,35.56 cm (14 Inch),No,"₹48,583"
Lenovo,ThinkPad T14,Core i7,Windows 10,512 GB,16 GB,30.48 cm (12 inch),Yes,"₹1,10,790"
MSI,GF63 Thin 11UCX-1471IN,Core i5,Windows 11 Home,4 TB,8 GB,39.62 cm (15.6 Inch),No,"₹48,990"
HP,15s-fy5002TU,Core i5,Windows 11 Home,512 GB,8 GB,39.62 cm (15.6 Inch),No,"₹49,990"
HP,15s- fr5011TU,Core i5,Windows 11 Home,512 GB,16 GB,39.62 cm (15.6 inch),No,"₹53,990"
HP,15-fb0106AX,Ryzen 5 Hexa Core,Windows 11 Home,512 GB,16 GB,38.86 cm (15.3 Inch),No,"₹62,990"
Acer,A515-56G,Core i5,Windows 11 Home,512 GB,8 GB,39.62 cm (15.6 inch),No,"₹46,990"
HP,14-EC1019AU,Ryzen 5 Hexa Core,Windows 11 Home,512 GB,16 GB,35.56 cm (14 inch),No,"₹54,990"
ASUS,Zenbook 14 Flip OLED,Core i7,Windows 11 Home,1 TB,16 GB,35.56 cm (14 inch),Yes,"₹1,37,890"
DELL,Inspiron 3511,Core i5,Windows 11 Home,512 GB,8 GB,39.62 cm (15.6 inch),No,"₹50,900"
ASUS,K513EA-L302WS,Core i3,Windows 11 Home,256 GB,8 GB,39.62 cm (15.6 inch),No,"₹39,500"
HP,14-dv2153TU,Core i5,Windows 11 Home,1 TB,16 GB,35.56 cm (14 inch),No,"₹66,999"
HP,15-eg3079TU,Core i5,Windows 11 Home,512 GB,16 GB,39.62 cm (15.6 Inch),No,"₹66,990"
Lenovo,15IHU6,Core i5,Windows 11 Home,512 GB,16 GB,39.62 cm (15.6 Inch),No,"₹52,990"
HP,15s-fy5003TU,Core i3,Windows 11 Home,512 GB,8 GB,39.62 cm (15.6 Inch),No,"₹37,990"
ASUS,G513RC-HN061W,Ryzen 7 Octa Core,Windows 11 Home,512 GB,16 GB,39.62 cm (15.6 Inch),No,"₹77,990"
ASUS,GX650RXZ-LS228WS,Ryzen 9 Octa Core,Windows 11 Home,2 TB,32 GB,40.64 cm (16 Inch),No,"₹3,61,990"
Lenovo,15IRH8,Core i5,Windows 11 Home,512 GB,16 GB,39.62 cm (15.6 inch),No,"₹64,990"
HP,15-fd0011TU,Core i5,Windows 11 Home,512 GB,8 GB,39.62 cm (15.6 Inch),No,"₹60,490"
HP,Intel,Core i5,Windows 10 Pro,512 GB,8 GB,33.78 cm (13.3 inch),Yes,"₹74,419"
HP,Victus 16,Core i5,Windows 11 Home,512 GB,16 GB,40.89 cm (16.1 inch),Yes,"₹64,500"
HP,15s-fq5007TU,Core i3,Windows 11 Home,512 GB,8 GB,39.62 cm (15.6 Inch),No,"₹38,990"
HP,15s-fy5003TU,Core i3,Windows 11 Home,512 GB,8 GB,39.62 cm (15.6 Inch),No,"₹37,990"
HP,15s- eq2212AU,Ryzen 3 Quad Core,Windows 11 Home,512 GB,8 GB,39.62 cm (15.6 Inch),No,"₹37,750"
ASUS,Vivobook S15 OLED,Core i5,Windows 11 Home,512 GB,16 GB,39.62 cm (15.6 inch),Yes,"₹74,000"
ASUS,TUF Gaming F15,Core i5,Windows 10 Home,512 GB,8 GB,39.62 cm (15.6 Inch),No,"₹54,990"
DELL,Inspiron 3511,Core i3,Windows 11 Home,1 TB,8 GB,39.62 cm (15.6 inch),No,"₹46,890"
HP,15s- fr4000TU,Core i5,Windows 11 Home,512 GB,8 GB,39.62 cm (15.6 Inch),No,"₹46,990"
Acer,Aspire 3,Core i3,Windows 10 Home,256 GB,4 GB,39.62 cm (15.6 inch),No,"₹31,990"
HP,14-ec0033AU,Ryzen 5 Hexa Core,Windows 10 Home,512 GB,16 GB,35.56 cm (14 inch),No,"₹48,400"
HP,14-dv2153TU,Core i5,Windows 11 Home,1 TB,16 GB,35.56 cm (14 inch),No,"₹66,999"
HP,15s-fy5002TU,Core i5,Windows 11 Home,512 GB,8 GB,39.62 cm (15.6 Inch),No,"₹49,990"
DELL,Latitude 14,Core i7,Windows 11 Pro,512 GB,16 GB,35.56 cm (14 inch),No,"₹99,990"
Lenovo,V14,Core i5,Windows 10,256 GB,8 GB,35.56 cm (14 inch),Yes,"₹41,000"
ASUS,X415KA-EK111WS,Pentium Silver,Windows 11 Home,256 GB,4 GB,35.56 cm (14 Inch),No,"₹26,890"
ASUS,Pro 15 OLED,Ryzen 7 Octa Core,Windows 11 Home,512 GB,16 GB,39.62 cm (15.6 inch),Yes,"₹74,990"
ASUS,G513RC-HN061W,Ryzen 7 Octa Core,Windows 11 Home,512 GB,16 GB,39.62 cm (15.6 Inch),No,"₹77,990"
DELL,G15,Core i7,Windows 11 Home,512 GB,16 GB,39.62 cm (15.6 inch),No,"₹1,09,990"
Lenovo,ideapad 3,Core i5,Windows 11 Home,512 GB,16 GB,39.62 cm (15.6 inch),Yes,"₹48,990"
HP,15-eg3079TU,Core i5,Windows 11 Home,512 GB,16 GB,39.62 cm (15.6 Inch),No,"₹66,990"
HP,15s-fq5202TU,Core i5,Windows 11 Home,512 GB,8 GB,39.62 cm (15.6 inch),No,"₹53,990"
ASUS,FA577NU-LP082W,Ryzen 7 Octa Core,Windows 11 Home,512 GB,16 GB,39.62 cm (15.6 Inch),No,"₹94,990"
HP,14s-dq2606tu,Core i3,Windows 11 Home,512 GB,8 GB,35.56 cm (14 Inch),No,"₹44,300"
MSI,Modern 14 C13M-438IN,Core i3,Windows 11 Home,512 GB,8 GB,35.56 cm (14 Inch),No,"₹41,990"
HP,15-fa0354TX,Core i7,Windows 11 Home,512 GB,16 GB,39.62 cm (15.6 inch),No,"₹91,731"
HP,15s-fq5007TU,Core i3,Windows 11 Home,512 GB,8 GB,39.62 cm (15.6 Inch),No,"₹38,990"
HP,15s-fy5003TU,Core i3,Windows 11 Home,512 GB,8 GB,39.62 cm (15.6 Inch),No,"₹37,990"
ASUS,UX3402VA-KM742WS,Core i7,Windows 11 Home,512 GB,16 GB,35.56 cm (14 Inch),No,"₹97,990"
HP,16-e0162AX,Ryzen 5 Hexa Core,Windows 10 Home,512 GB,8 GB,40.89 cm (16.1 inch),No,"₹58,900"
HP,15s- fr4000TU,Core i5,Windows 11 Home,512 GB,8 GB,39.62 cm (15.6 Inch),No,"₹46,990"
HP,15s- fr5011TU,Core i5,Windows 11 Home,512 GB,16 GB,39.62 cm (15.6 inch),No,"₹53,990"
ASUS,FX517ZE-HN035WS,Core i7,Windows 11 Home,512 GB,16 GB,39.62 cm (15.6 inch),Yes,"₹97,289"
HP,15S-FQ2738TU,Core i3,Windows 11 Home,512 GB,8 GB,39.62 cm (15.6 inch),Yes,"₹36,490"
HP,14-ec0033AU,Ryzen 5 Hexa Core,Windows 10 Home,512 GB,16 GB,35.56 cm (14 inch),No,"₹48,400"
Apple,MacBook Pro,M3 Pro,macOS Sonoma,1 TB,18 GB,35.56 cm (14 Inch),No,"₹2,39,900"
HP,14-dv2153TU,Core i5,Windows 11 Home,1 TB,16 GB,35.56 cm (14 inch),No,"₹66,999"
HP,15s-fy5002TU,Core i5,Windows 11 Home,512 GB,8 GB,39.62 cm (15.6 Inch),No,"₹49,990"
HP,Victus,Core i5,Windows 11 Home,512 GB,8 GB,40.89 cm (16.1 inch),No,"₹70,890"
ASUS,TUF Gaming F15,Core i5,Windows 10 Home,512 GB,8 GB,39.62 cm (15.6 Inch),No,"₹54,990"
ASUS,G513RC-HN061W,Ryzen 7 Octa Core,Windows 11 Home,512 GB,16 GB,39.62 cm (15.6 Inch),No,"₹77,990"
HP,14-EC1019AU,Ryzen 5 Hexa Core,Windows 11 Home,512 GB,16 GB,35.56 cm (14 inch),No,"₹54,990"
Lenovo,15ITL6,Core i3,Windows 11 Home,256 GB,8 GB,39.62 cm (15.6 Inch),No,"₹34,490"
HP,Spectre x360 13,Core i7,Windows 11 Home,512 GB,16 GB,34.29 cm (13.5 inch),No,"₹1,31,680"
Lenovo,V14,Core i5,Windows 10,256 GB,8 GB,35.56 cm (14 inch),Yes,"₹41,000"
MSI,Katana GF66 12UC-881IN,Core i5,Windows 11 Home,2 TB,8 GB,39.62 cm (15.6 Inch),No,"₹72,990"
HP,15-eg3079TU,Core i5,Windows 11 Home,512 GB,16 GB,39.62 cm (15.6 Inch),No,"₹66,990"
HP,15s-fq5202TU,Core i5,Windows 11 Home,512 GB,8 GB,39.62 cm (15.6 inch),No,"₹53,990"
HP,15-fc0031AU,Ryzen 5 Quad Core,Windows 11 Home,512 GB,16 GB,39.62 cm (15.6 Inch),No,"₹50,090"
HP,14s-fy1005AU,Ryzen 7 Octa Core,Windows 11 Home,512 GB,16 GB,35.56 cm (14 Inch),No,"₹62,690"
HP,15s-fy5003TU,Core i3,Windows 11 Home,512 GB,8 GB,39.62 cm (15.6 Inch),No,"₹37,990"
HP,15s- fr4000TU,Core i5,Windows 11 Home,512 GB,8 GB,39.62 cm (15.6 Inch),No,"₹46,990"
HP,14s-ef1002tu,Core i3,Windows 11 Home,512 GB,8 GB,35.56 cm (14 Inch),No,"₹38,490"
HP,14-eh0024TU,Core i7,Windows 11 Home,1 TB,16 GB,35.56 cm (14 inch),No,"₹99,850"
HP,Envy,Core i5,Windows 10 Home,256 GB,8 GB,33.78 cm (13.3 inch),No,"₹64,391"
Acer,PHN16-71,Core i7,Windows 11 Home,1 TB,16 GB,40.64 cm (16 Inch),No,"₹1,37,999"
HP,15s-fq5007TU,Core i3,Windows 11 Home,512 GB,8 GB,39.62 cm (15.6 Inch),No,"₹38,990"
HP,15s- fr5011TU,Core i5,Windows 11 Home,512 GB,16 GB,39.62 cm (15.6 inch),No,"₹53,990"
ASUS,VivoBook 14,Core i3,Windows 10 Home,512 GB,4 GB,35.56 cm (14 inch),No,"₹42,500"
HP,250 G8,Core i3,Windows 10 Home,512 GB,4 GB,39.62 cm (15.6 inch),No,"₹31,000"
HP,15s-fy5002TU,Core i5,Windows 11 Home,512 GB,8 GB,39.62 cm (15.6 Inch),No,"₹49,990"
Acer,A315-510P,Core i3,Windows 11 Home,256 GB,8 GB,39.62 cm (15.6 inch),Yes,"₹31,990"
ASUS,VivoBook 15,Core i3,Windows 11 Home,512 GB,8 GB,39.62 cm (15.6 inch),Yes,"₹32,490"
SAMSUNG,Galaxy Book3 Pro,Core i7,Windows 11 Home,1 TB,16 GB,35.56 cm (14 Inch),No,"₹1,40,990"
ASUS,G513RC-HN061W,Ryzen 7 Octa Core,Windows 11 Home,512 GB,16 GB,39.62 cm (15.6 Inch),No,"₹77,990"
HP,15-eg3079TU,Core i5,Windows 11 Home,512 GB,16 GB,39.62 cm (15.6 Inch),No,"₹66,990"
HP,15s-fq5202TU,Core i5,Windows 11 Home,512 GB,8 GB,39.62 cm (15.6 inch),No,"₹53,990"
ZEBRONICS,ZEB-NBC 5S,Core i7,Windows 11 Home,512 GB,16 GB,39.62 cm (15.6 Inch),No,"₹50,990"
LG,LG Gram 14Z90Q-G.AJ56A2,Core i5,Windows 11 Home,512 GB,8 GB,35.56 cm (14 Inch),No,"₹64,762"
CHUWI,GemiBook X Pro,Celeron Quad Core,Windows 11 Home,256 GB,8 GB,35.81 cm (14.1 inch),No,"₹21,990"
ASUS,M6500QC,Ryzen 7 Octa Core,Windows 11 Home,512 GB,16 GB,39.62 cm (15.6 inch),No,"₹70,990"
HP,15s-fq5007TU,Core i3,Windows 11 Home,512 GB,8 GB,39.62 cm (15.6 Inch),No,"₹38,990"
HP,15s-fy5003TU,Core i3,Windows 11 Home,512 GB,8 GB,39.62 cm (15.6 Inch),No,"₹37,990"
DELL,Vostro 3420,Core i5,Windows 11 Home,512 GB,8 GB,35.56 cm (14 inch),Yes,"₹49,950"
HP,15s- fr4000TU,Core i5,Windows 11 Home,512 GB,8 GB,39.62 cm (15.6 Inch),No,"₹46,990"
HP,15s- fr5011TU,Core i5,Windows 11 Home,512 GB,16 GB,39.62 cm (15.6 inch),No,"₹53,990"
ASUS,UX3402VA-KM742WS,Core i7,Windows 11 Home,512 GB,16 GB,35.56 cm (14 Inch),No,"₹97,990"
Apple,MKGT3HN/A,M1 Pro,Mac OS Monterey,1 TB,16 GB,36.07 cm (14.2 inch),No,"₹2,39,900"
DELL,Inspiron 3511,Core i3,Windows 11 Home,256 GB,8 GB,38.0 cm (14.96 cm),No,"₹38,790"
HP,14-dv2153TU,Core i5,Windows 11 Home,1 TB,16 GB,35.56 cm (14 inch),No,"₹66,999"
HP,15s-fy5002TU,Core i5,Windows 11 Home,512 GB,8 GB,39.62 cm (15.6 Inch),No,"₹49,990"
ASUS,FX507ZC4-HN116WS,Core i5,Windows 11 Home,512 GB,16 GB,39.62 cm (15.6 inch),No,"₹85,800"
ASUS,G513RC-HN061W,Ryzen 7 Octa Core,Windows 11 Home,512 GB,16 GB,39.62 cm (15.6 Inch),No,"₹77,990"
HP,14-EC1019AU,Ryzen 5 Hexa Core,Windows 11 Home,512 GB,16 GB,35.56 cm (14 inch),No,"₹54,990"
DELL,Inspiron 3501,Core i5,Windows 10 Home,1 TB,8 GB,39.62 cm (15.6 inch),No,"₹52,199"
HP,Natural Silver,Core i3,Windows 10 Home,512 GB,8 GB,39.62 cm (15.6 inch),No,"₹40,500"
Lenovo,13ABR8,Ryzen 7 Octa Core,Windows 11 Home,1 TB,16 GB,33.78 cm (13.3 inch),Yes,"₹85,751"
HP,15s-fq5007TU,Core i3,Windows 11 Home,512 GB,8 GB,39.62 cm (15.6 Inch),No,"₹38,990"
HP,15s-fy5003TU,Core i3,Windows 11 Home,512 GB,8 GB,39.62 cm (15.6 Inch),No,"₹37,990"
MSI,Modern 14 C12M-670IN,Core i7,Windows 11 Home,512 GB,8 GB,35.56 cm (14 Inch),No,"₹60,990"
LG,LG Gram 14Z90Q-G.AJ56A2,Core i5,Windows 11 Home,512 GB,8 GB,35.56 cm (14 Inch),No,"₹64,762"
HP,15s- fr4000TU,Core i5,Windows 11 Home,512 GB,8 GB,39.62 cm (15.6 Inch),No,"₹46,990"
HP,15s- fr5011TU,Core i5,Windows 11 Home,512 GB,16 GB,39.62 cm (15.6 inch),No,"₹53,990"
DELL,Inspiron 5410,Core i5,Windows 10,512 GB,8 GB,35.56 cm (14 inch),Yes,"₹76,990"
ASUS,Vivobook Go 14,Ryzen 5 Quad Core,Windows 11 Home,512 GB,16 GB,35.56 cm (14 inch),Yes,"₹51,990"
Apple,MacBook Pro,Core i5,Mac OS Mojave,512 GB,8 GB,33.78 cm (13.3 inch),No,"₹1,62,990"
HP,15s- fq3066TU,Celeron Dual Core,Windows 11 Home,512 GB,8 GB,39.62 cm (15.6 inch),No,"₹31,964"
HP,14-dv2153TU,Core i5,Windows 11 Home,1 TB,16 GB,35.56 cm (14 inch),No,"₹66,999"
HP,15s-fy5002TU,Core i5,Windows 11 Home,512 GB,8 GB,39.62 cm (15.6 Inch),No,"₹49,990"
ASUS,B9450FA-BM0696R,Core i7,Windows 10 Pro,1 TB,16 GB,35.56 cm (14 inch),No,"₹1,52,711"
ASUS,VivoBook Ultra K15,Core i5,Windows 11 Home,512 GB,16 GB,39.62 cm (15.6 inch),Yes,"₹64,200"
ASUS,G513RC-HN061W,Ryzen 7 Octa Core,Windows 11 Home,512 GB,16 GB,39.62 cm (15.6 Inch),No,"₹77,990"
HP,14-EC1019AU,Ryzen 5 Hexa Core,Windows 11 Home,512 GB,16 GB,35.56 cm (14 inch),No,"₹54,990"
ASUS,Vivobook Go 15 OLED,Ryzen 5 Quad Core,Windows 11 Home,512 GB,16 GB,39.62 cm (15.6 inch),Yes,"₹56,990"
ASUS,Vivobook-Pro-15-M6500,Ryzen 7 Quad Core,Windows 11 Home,512 GB,16 GB,39.62 cm (15.6 inch),Yes,"₹68,200"
ASUS,FX506HCB-HN228T,Core i5,Windows 10 Home,1 TB,8 GB,39.62 cm (15.6 inch),No,"₹79,800"
HP,15-eg3079TU,Core i5,Windows 11 Home,512 GB,16 GB,39.62 cm (15.6 Inch),No,"₹66,990"
HP,15s-fq5202TU,Core i5,Windows 11 Home,512 GB,8 GB,39.62 cm (15.6 inch),No,"₹53,990"
MICROSOFT,Surface Laptop Go 3,Core i5,Windows 11 Home,256 GB,16 GB,31.5 cm (12.4 Inch),Yes,"₹99,990"
Lenovo,V14,Core i5,Windows 11 Home,512 GB,8 GB,35.56 cm (14 inch),Yes,"₹44,356"
HP,15s-fy5003TU,Core i3,Windows 11 Home,512 GB,8 GB,39.62 cm (15.6 Inch),No,"₹37,990"
HP,15s- fr4000TU,Core i5,Windows 11 Home,512 GB,8 GB,39.62 cm (15.6 Inch),No,"₹46,990"
Lenovo,15IAH7,Core i5,Windows 11 Home,512 GB,16 GB,39.62 cm (15.6 Inch),No,"₹74,990"
DELL,Inspiron 5410,Core i3,Windows 11 Home,512 GB,8 GB,35.56 cm (14 inch),Yes,"₹53,999"
DELL,G15-5510,Core i5,Windows 10,512 GB,16 GB,39.62 cm (15.6 inch),No,"₹62,500"
HP,Spectre Folio,Core i7,Windows 10 Home,512 GB,16 GB,33.78 cm (13.3 inch),Yes,"₹2,20,579"
HP,15s-fq5007TU,Core i3,Windows 11 Home,512 GB,8 GB,39.62 cm (15.6 Inch),No,"₹38,990"
HP,15s- fr5011TU,Core i5,Windows 11 Home,512 GB,16 GB,39.62 cm (15.6 inch),No,"₹53,990"
DELL,Inspiron 3521,Pentium Silver,Windows 11 Home,256 GB,8 GB,39.62 cm (15.6 Inch),No,"₹32,990"
ASUS,K3605ZU-MBN541WS,Core i5,Windows 11 Home,512 GB,16 GB,40.64 cm (16 Inch),No,"₹76,990"
HP,14-dv2153TU,Core i5,Windows 11 Home,1 TB,16 GB,35.56 cm (14 inch),No,"₹66,999"
HP,15s-fy5002TU,Core i5,Windows 11 Home,512 GB,8 GB,39.62 cm (15.6 Inch),No,"₹49,990"
ZEBRONICS,ZEB-NBC 5S,Core i7,Windows 11 Home,512 GB,16 GB,39.62 cm (15.6 inch),No,"₹50,990"
DELL,Inspiron 3535,Ryzen 5 Quad Core,Windows 11 Home,1 TB,8 GB,39.62 cm (15.6 Inch),No,"₹49,490"
ASUS,Vivobook Go 15 OLED,Ryzen 5 Quad Core,Windows 11 Home,512 GB,16 GB,39.62 cm (15.6 inch),Yes,"₹57,754"
HP,247 G8,Ryzen 5 Dual Core,Windows 11 Home,512 GB,8 GB,35.56 cm (14 inch),No,"₹32,890"
ASUS,G513RC-HN061W,Ryzen 7 Octa Core,Windows 11 Home,512 GB,16 GB,39.62 cm (15.6 Inch),No,"₹77,990"
HP,14-EC1019AU,Ryzen 5 Hexa Core,Windows 11 Home,512 GB,16 GB,35.56 cm (14 inch),No,"₹54,990"
ASUS,GX650PZ-NM047WS,Ryzen 9 16 Core,Windows 11 Home,2 TB,32 GB,40.64 cm (16 Inch),No,"₹3,49,990"
HP,15-eg3079TU,Core i5,Windows 11 Home,512 GB,16 GB,39.62 cm (15.6 Inch),No,"₹66,990"
ASUS,TUF,Core i5,Windows 10 Home,512 GB,8 GB,39.62 cm (15.6 inch),No,"₹67,500"
HP,15-EG2009TU,Core i5,Windows 11 Home,512 GB,8 GB,39.62 cm (15.6 inch),No,"₹68,800"
SAMSUNG,Galaxy Book2 Pro,Core i5,Windows 11 Home,512 GB,16 GB,33.78 cm (13.3 Inch),No,"₹64,990"
ASUS,UM5401QA-KM541WS,Ryzen 5 Hexa Core,Windows 11 Home,NA,16 GB,35.56 cm (14 Inch),No,"₹55,990"
HP,Notebook,Athlon Dual Core,DOS,256 GB,4 GB,39.62 cm (15.6 inch),No,"₹19,299"
Lenovo,15ITL05,Core i3,Windows 11 Home,NA,8 GB,39.62 cm (15.6 Inch),No,"₹32,990"
HP,15s-fq5202TU,Core i5,Windows 11 Home,512 GB,8 GB,39.62 cm (15.6 inch),No,"₹53,990"
HP,255 G8 Laptop,Ryzen 3 Dual Core,DOS,512 GB,8 GB,39.62 cm (15.6 inch),No,"₹23,999"
HP,15-fb1016AX,Ryzen 5 Hexa Core,Windows 11 Home,512 GB,8 GB,39.62 cm (15.6 Inch),No,"₹54,990"
HP,15s-fy5002TU,Core i5,Windows 11 Home,512 GB,8 GB,39.62 cm (15.6 Inch),No,"₹49,990"
HP,15s- fr4000TU,Core i5,Windows 11 Home,512 GB,8 GB,39.62 cm (15.6 Inch),No,"₹46,990"
HP,15s-fr4001TU,Core i5,Windows 11 Home,512 GB,16 GB,39.62 cm (15.6 Inch),No,"₹54,990"
GIGABYTE,RC45KD,Core i5,Windows 11 Home,512 GB,16 GB,39.62 cm (15.6 Inch),No,"₹62,990"
Infinix,XL30,Celeron Quad Core,Windows 11 Home,512 GB,8 GB,39.01 cm (15.36 inch),No,"₹23,990"
ASUS,X1504ZA-NJ521WS,Core i5,Windows 11 Home,512 GB,8 GB,39.62 cm (15.6 Inch),No,"₹47,990"
HP,14-dv1000TU,Core i5,Windows 11 Home,512 GB,8 GB,35.56 cm (14 inch),No,"₹57,680"
HP,14-EC1019AU,Ryzen 5 Hexa Core,Windows 11 Home,512 GB,16 GB,35.56 cm (14 inch),No,"₹54,990"
HP,15s-fy5003TU,Core i3,Windows 11 Home,512 GB,8 GB,39.62 cm (15.6 Inch),No,"₹37,990"
HP,15-fa0070TX,Core i5,Windows 11 Home,512 GB,8 GB,39.62 cm (15.6 Inch),No,"₹57,990"
HP,15s-fq5007TU,Core i3,Windows 11 Home,512 GB,8 GB,39.62 cm (15.6 Inch),No,"₹38,990"
Lenovo,11IGL05,Celeron Dual Core,Chrome,64 GB,4 GB,29.46 cm (11.6 inch),No,"₹15,990"
HP,15s-fy5002TU,Core i5,Windows 11 Home,512 GB,8 GB,39.62 cm (15.6 Inch),No,"₹49,990"
ASUS,G513RC-HN061W,Ryzen 7 Octa Core,Windows 11 Home,512 GB,16 GB,39.62 cm (15.6 Inch),No,"₹77,990"
HP,14-EC1019AU,Ryzen 5 Hexa Core,Windows 11 Home,512 GB,16 GB,35.56 cm (14 inch),No,"₹54,990"
HP,16-wd0880TX,Core i5,Windows 11 Home,512 GB,16 GB,40.89 cm (16.1 Inch),No,"₹94,990"
HP,15s-fq5007TU,Core i3,Windows 11 Home,512 GB,8 GB,39.62 cm (15.6 Inch),No,"₹38,990"
ASUS,Vivobook 15X,Core i5,Windows 11 Home,512 GB,16 GB,39.62 cm (15.6 inch),Yes,"₹61,500"
HP,15s-fq5007TU,Core i3,Windows 11 Home,512 GB,8 GB,39.62 cm (15.6 Inch),No,"₹38,990"
Infinix,Inbook,Core i7,Windows 11 Home,512 GB,16 GB,35.56 cm (14 inch),No,"₹48,990"
HP,ef2033TU,Core i7,Windows 11 Home,1 TB,16 GB,34.29 cm (13.5 Inch),Yes,"₹1,41,899"
HP,15s-fy5003TU,Core i3,Windows 11 Home,512 GB,8 GB,39.62 cm (15.6 Inch),No,"₹37,990"
HP,14-dv2153TU,Core i5,Windows 11 Home,1 TB,16 GB,35.56 cm (14 inch),No,"₹66,999"
MSI,Katana GF66 12UC-881IN,Core i5,Windows 11 Home,2 TB,8 GB,39.62 cm (15.6 Inch),No,"₹72,990"
HP,15s-fy5002TU,Core i5,Windows 11 Home,512 GB,8 GB,39.62 cm (15.6 Inch),No,"₹49,990"
HP,15-eg3079TU,Core i5,Windows 11 Home,512 GB,16 GB,39.62 cm (15.6 Inch),No,"₹66,990"
HP,14-dv1029TU,Core i7,Windows 11 Home,1 TB,16 GB,35.56 cm (14 inch),No,"₹78,100"
HP,15s- fr4000TU,Core i5,Windows 11 Home,512 GB,8 GB,39.62 cm (15.6 Inch),No,"₹46,990"
HP,16-n0050AX,Ryzen 7 Octa Core,Windows 11 Home,512 GB,16 GB,40.89 cm (16.1 Inch),No,"₹88,149"
DELL,Inspiron 5518,Core i5,Windows 11 Home,512 GB,16 GB,39.62 cm (15.6 Inch),No,"₹36,607"
HP,15s,Ryzen 5 Quad Core,Windows 10 Home,512 GB,8 GB,39.62 cm (15.6 inch),No,"₹24,831"
HP,14s-ef1001tu,Core i5,Windows 11 Home,512 GB,8 GB,35.56 cm (14 Inch),No,"₹59,899"
Acer,AN515-45,Ryzen 5 Hexa Core,Windows 11 Home,512 GB,8 GB,39.62 cm (15.6 Inch),No,"₹67,000"
HP,15s- fr5011TU,Core i5,Windows 11 Home,512 GB,16 GB,39.62 cm (15.6 inch),No,"₹53,990"
HP,14-EC1019AU,Ryzen 5 Hexa Core,Windows 11 Home,512 GB,16 GB,35.56 cm (14 inch),No,"₹54,990"
HP,14-dv2153TU,Core i5,Windows 11 Home,1 TB,16 GB,35.56 cm (14 inch),No,"₹66,999"
DELL,Inspiron 3520,Core i3,Windows 11 Home,512 GB,8 GB,39.62 cm (15.6 Inch),No,"₹39,490"
HP,14-EC1019AU,Ryzen 5 Hexa Core,Windows 11 Home,512 GB,16 GB,35.56 cm (14 inch),No,"₹54,990"
HP,15s-fq2627TU,Core i3,Windows 11 Home,512 GB,8 GB,39.62 cm (15.6 inch),Yes,"₹44,400"
DELL,Inspiron,Core i3,Windows 11 Home,512 GB,8 GB,39.62 cm (15.6 inch),Yes,"₹38,490"
HP,255 G8,Ryzen 5 Hexa Core,Windows 11 Home,512 GB,8 GB,39.62 cm (15.6 inch),No,"₹42,990"
DELL,Inspiron 7430,Core i3,Windows 11 Home,1 TB,8 GB,35.56 cm (14 inch),Yes,"₹60,490"
MSI,Katana 17 B13UCXK-256IN,Core i7,Windows 11 Home,4 TB,16 GB,43.94 cm (17.3 Inch),No,"₹88,990"
Infinix,XL25,Core i5,Windows 11 Home,512 GB,8 GB,39.62 cm (15.6 Inch),No,"₹37,990"
HP,13-BE0030AU,Ryzen 5 Hexa Core,Windows 10 Home,512 GB,16 GB,33.78 cm (13.3 inch),No,"₹70,500"
